License_Number,UBI,Trade_Name,Licensee,Privilege_Status,Privilege_Type,Street,Suite,City,State,ZIP,County,Phone,Expiration_Date,Mailing_Address,SE_Retailer
430562,6033581390010004,#HASHTAG,,ACTIVE (ISSUED),CANNABIS RETAILER,224 NICKERSON ST,,SEATTLE,WA,981091622,KING,5042315918,,,
423413,6033491670010006,112TH STREET CANNABIS,,ACTIVE (ISSUED),CANNABIS RETAILER,5809 112TH ST E BLDG B,,PUYALLUP,WA,98373,PIERCE,2067926857,,,
355469,6043490200010002,2020 CANNABIS SOLUTIONS MT BAKER HIGHWAY,,ACTIVE (ISSUED),CANNABIS RETAILER,1706 MT BAKER HWY,,BELLINGHAM,WA,98226,WHATCOM,3607342020,,,
422239,6035723460010001,2020 SOLUTIONS EPHRATA,,ACTIVE (ISSUED),CANNABIS RETAILER,1615 BASIN ST SW,,EPHRATA,WA,988232134,GRANT,3609154944,,,
415470,6043490150010001,2020 SOLUTIONS IRON STREET,,ACTIVE (ISSUED),CANNABIS RETAILER,2018 IRON ST STE A,,BELLINGHAM,WA,98226,WHATCOM,2068180966,,,
420908,6043490230010001,2020 SOLUTIONS PACIFIC HIGHWAY,,ACTIVE (ISSUED),CANNABIS RETAILER,4770 PACIFIC HWY STE A,,BELLINGHAM,WA,98226,WHATCOM,3607342020,,,
364709,6033492700010006,20AFTER4,,ACTIVE (ISSUED),CANNABIS RETAILER,1511 N GOERIG ST,,WOODLAND,WA,98674,COWLITZ,3605629420,,,
428654,6031183740010004,28 GRAHAMS CANNABIS,,ACTIVE (ISSUED),CANNABIS RETAILER,10315 200TH ST E,,GRAHAM,WA,98338,PIERCE,2537405648,,,
422099,6041520640010001,365 RECREATIONAL CANNABIS,,ACTIVE (ISSUED),CANNABIS RETAILER,36711 U.S. HIGHWAY 12,,DAYTON,WA,98328,COLUMBIA,4259194183,,,
423784,6034296550010002,365 RECREATIONAL CANNABIS,,ACTIVE (ISSUED),CANNABIS RETAILER,17517 15TH AVE NE #B,,SHORELINE,WA,98155,KING,4259194183,,,
430369,6042834300010002,395 HERB,,ACTIVE (ISSUED),CANNABIS RETAILER,3948B 3RD AVE UNIT 2,,LOON LAKE,WA,99148,STEVENS,5096440420,,,
413586,6033515760010001,4:20 FRIENDLY,,ACTIVE (ISSUED),CANNABIS RETAILER,1515 LEWIS ST,,SPOKANE,WA,99224,SPOKANE,5094990999,,,
424848,6035340690010002,420 CAPITOL,,ACTIVE (ISSUED),CANNABIS RETAILER,5980 CAPITOL BLVD SE,,TUMWATER,WA,98501,THURSTON,3604026368,,,
415083,6033585480010002,420 CARPENTER,,ACTIVE (ISSUED),CANNABIS RETAILER,422 CARPENTER RD STE 105,,LACEY,WA,985037906,THURSTON,3604026368,,,
426678,6035792630010002,420 ELMA ON MAIN,,ACTIVE (ISSUED),CANNABIS RETAILER,306 W MAIN ST,,ELMA,WA,985410000,GRAYS HARBOR,2539061919,,,
428560,6041829490010002,420 GRAND CENTRAL,,ACTIVE (ISSUED),CANNABIS RETAILER,19941 OLD HIGHWAY 99 SW,,ROCHESTER,WA,98579,THURSTON,3604026368,,,
415526,6033592380010001,420 HOLIDAY,,ACTIVE (ISSUED),CANNABIS RETAILER,2028 10TH AVE,,LONGVIEW,WA,986324007,COWLITZ,3607033103,,,
414550,6034051800010001,420 SPOT SHOP,,ACTIVE (ISSUED),CANNABIS RETAILER,1374 SE LUND AVE,SMP - 1,PORT ORCHARD,WA,98366,KITSAP,3603405966,,,
414733,6033585480010001,420 WEST,,ACTIVE (ISSUED),CANNABIS RETAILER,410 RONLEE LN NW A1,,OLYMPIA,WA,985029266,THURSTON,3604026368,,,
422202,6024843170010012,49* NORTH CANNABIS,,ACTIVE (ISSUED),CANNABIS RETAILER,1380 MILL ST STE A,,ADDY,WA,991019677,STEVENS,5096844420,,,
414441,6034501390010005,A GREENER TODAY MARIJUANA,,ACTIVE (ISSUED),CANNABIS RETAILER,5209 MARTIN LUTHER KING JR.,WAY S,SEATTLE,WA,98118,KING,2068017756,,,
414814,6034501390010003,A GREENER TODAY MARIJUANA,,ACTIVE (ISSUED),CANNABIS RETAILER,16053 AURORA AVE N STE B,STE B,SHORELINE,WA,98133,KING,2068017756,,,
422044,6041339060010001,A GREENER TODAY MARIJUANA,,ACTIVE (ISSUED),CANNABIS RETAILER,19315 BOTHELL EVERETT HWY #1,UNIT 1,BOTHELL,WA,98012,SNOHOMISH,4257736021,,,
422168,6035559160010003,A GREENER TODAY MARIJUANA-GOLD BAR,,ACTIVE (ISSUED),CANNABIS RETAILER,16810 415TH AVE SE STE A-2,,GOLD BAR,WA,98251,SNOHOMISH,4257736037,,,
422109,6035559160010002,A GREENER TODAY MARIJUANA-LYNNWOOD,,ACTIVE (ISSUED),CANNABIS RETAILER,14608 HWY 99 SUITE #304,,LYNNWOOD,WA,98087,SNOHOMISH,4257736037,,,
426039,6035146970010003,A GREENER TODAY WALLA WALLA,,ACTIVE (ISSUED),CANNABIS RETAILER,655 WEST POPLAR ST,,WALLA WALLA,WA,99362,WALLA WALLA,2063803608,,,
422765,6035572950010001,ACCESS CANIBUS LLC,,ACTIVE (ISSUED),CANNABIS RETAILER,3082 WAITTS LAKE RD,,VALLEY,WA,99181,STEVENS,3604703051,,,
414225,6056243110010001,ALTITUDE,,ACTIVE (ISSUED),CANNABIS RETAILER,260 MERLOT DR,,PROSSER,WA,99350,BENTON,5093890676,,,
422954,6033525730010005,AMERICAN HARVEST,,ACTIVE (ISSUED),CANNABIS RETAILER,7550 US HWY 97,,PESHASTIN,WA,988470000,CHELAN,5033177035,,,
421652,6033570100010002,ANACORTES CANNABIS,,ACTIVE (ISSUED),CANNABIS RETAILER,7656 STATE ROUTE 20 UNIT A,,ANACORTES,WA,982218311,SKAGIT,3605886222,,,
439988,6058995220010001,APEX MOSES LAKE,,ACTIVE (ISSUED),CANNABIS RETAILER,955 W BROADWAY AVE,,MOSES LAKE,WA,988372602,GRANT,2065082410,,,
440314,6058995220010003,APEX Otis Orchards,,ACTIVE (ISSUED),CANNABIS RETAILER,21502 E GILBERT AVE,,OTIS ORCHARDS,WA,990279241,SPOKANE,2065082410,,,
440307,6058995220010002,APEX SPOKANE,,ACTIVE (ISSUED),CANNABIS RETAILER,1325 N DIVISION ST STE 104,,SPOKANE,WA,992021808,SPOKANE,2065082410,,,
422460,6047743750010001,ARISTOCRAT ENTERPRISES II,,ACTIVE (ISSUED),CANNABIS RETAILER,2947 E HWY 101  STE A,"B, SUITE A AND B",PORT ANGELES,WA,98362,CLALLAM,2062000462,,,
415127,6041578100010001,BAYSHORE CANNABIS CO,,ACTIVE (ISSUED),CANNABIS RETAILER,3831 HIGHWAY 3,,SHELTON,WA,98584,MASON,2062344663,,,
422298,6045863300010003,BELFAIR CANNABIS COMPANY,,ACTIVE (ISSUED),CANNABIS RETAILER,24090 NE STATE ROUTE 3 STE I,,BELFAIR,WA,985289665,MASON,4044063054,,,
421709,6035924360010001,BETTER BUDS,,ACTIVE (ISSUED),CANNABIS RETAILER,841 NESS CORNER RD  STE B,STE B,PORT HADLOCK,WA,983399572,JEFFERSON,3607316611,,,
422525,6033530980010005,BETTER BUDS,,ACTIVE (ISSUED),CANNABIS RETAILER,2840 E HWY 101,,PORT ANGELES,WA,98362,CLALLAM,3607316611,,,
425965,6033530980010004,BETTER BUDS,,ACTIVE (ISSUED),CANNABIS RETAILER,10384 SILVERDALE WAY NW STE 10,,SILVERDALE,WA,98383,KITSAP,3607316611,,,
430175,6046285230010001,BETTER BUDS,,ACTIVE (ISSUED),CANNABIS RETAILER,946 WASHINGTON WAY STE 100,,LONGVIEW,WA,98632,COWLITZ,3607033791,,,
429761,6043510130010003,BIRCH BAY BUDZ,,ACTIVE (ISSUED),CANNABIS RETAILER,8125 BIRCH BAY SQUARE ST #222,,BLAINE,WA,98230,WHATCOM,5092094569,,,
414103,6048643700010001,BLOOM,,ACTIVE (ISSUED),CANNABIS RETAILER,"10707 PACIFIC AVE S STE E,F",,TACOMA,WA,984446098,PIERCE,5038057828,,,
436428,6055079200010001,BORED N BUZZED,,ACTIVE (ISSUED),CANNABIS RETAILER,11516 124TH AVE NE,,KIRKLAND,WA,980334643,KING,2062265888,,,
421335,6043374800010001,BUD BARN,,ACTIVE (ISSUED),CANNABIS RETAILER,6725 MARTIN WAY E,,OLYMPIA,WA,98516,THURSTON,3609601220,,,
428005,6043374800010002,BUD BARN,,ACTIVE (ISSUED),CANNABIS RETAILER,10619 VANCIL RD SE,,YELM,WA,98597,THURSTON,3609601220,,,
413802,6033518190010001,BUD COMMANDER,,ACTIVE (ISSUED),CANNABIS RETAILER,849 TROSPER RD SW STE 207,,TUMWATER,WA,98512,THURSTON,3606881709,,,
413893,6033590560010001,BUDDY'S,,ACTIVE (ISSUED),CANNABIS RETAILER,420 SUNSET BLVD N STE A,,RENTON,WA,98055,KING,4256819665,,,
420661,6035688640010001,BUDEEZ,,ACTIVE (ISSUED),CANNABIS RETAILER,2111 E 11TH ST,,BREMERTON,WA,983104810,KITSAP,3606207114,,,
410831,6045346320010005,BUDHUT,,ACTIVE (ISSUED),CANNABIS RETAILER,26207 MAPLE VALLEY BLACK,DIAMOND RD #C,MAPLE VALLEY,WA,98038,KING,2066932900,,,
413901,6045346320010001,BUDHUT,,ACTIVE (ISSUED),CANNABIS RETAILER,1131 E STATE ROUTE 532,,CAMANO ISLAND,WA,98282,ISLAND,2066932900,,,
415504,6045346320010002,BUDHUT,,ACTIVE (ISSUED),CANNABIS RETAILER,11603 HWY 99,,EVERETT,WA,98204,SNOHOMISH,2066932900,,,
422332,6035726930010004,BUDHUT,,ACTIVE (ISSUED),CANNABIS RETAILER,70 SALTSPRING DR  UNIT 2A,UNIT 2A,FRIDAY HARBOR,WA,982509062,SAN JUAN,3606681111,,,
437604,6033500470010010,BUDS GARAGE,,ACTIVE (ISSUED),CANNABIS RETAILER,2712 HEWITT AVE,,EVERETT,WA,982013740,SNOHOMISH,4253219471,,,
420666,6033595980010008,CANNA WEST SEATTLE,,ACTIVE (ISSUED),CANNABIS RETAILER,5440 CALIFORNIA AVE SW,,SEATTLE,WA,981361513,KING,2066969240,,,
414211,6034482820010001,CANNA4LIFE,,ACTIVE (ISSUED),CANNABIS RETAILER,721 6TH ST,,CLARKSTON,WA,99403,ASOTIN,5092958218,,,
360307,6033510980010004,CANNABIS & GLASS,,ACTIVE (ISSUED),CANNABIS RETAILER,605 E FRANCIS,,SPOKANE,WA,99208,SPOKANE,5099991112,,,
353993,6033565140010006,CANNABIS 21,,ACTIVE (ISSUED),CANNABIS RETAILER,428 10TH ST,,HOQUIAM,WA,985500000,GRAYS HARBOR,3606379282,,,
414712,6033565140010007,CANNABIS 21,,ACTIVE (ISSUED),CANNABIS RETAILER,2294 STATE ROUTE 109,,HOQUIAM,WA,985500000,GRAYS HARBOR,3606379282,,,
415567,6033565140010002,CANNABIS 21,,ACTIVE (ISSUED),CANNABIS RETAILER,1000 E WISHKAH ST,,ABERDEEN,WA,985200000,GRAYS HARBOR,3606379283,,,
430237,6040821720010003,CANNABIS COAST FORKS,,ACTIVE (ISSUED),CANNABIS RETAILER,362 LA PUSH RD,,FORKS,WA,983319504,CLALLAM,3603744020,,,
414970,6033592740010003,CANNABIS COUNTRY STORE,,ACTIVE (ISSUED),CANNABIS RETAILER,1910 W MAIN ST SUITE 101,,BATTLE GROUND,WA,98604,CLARK,3607987194,,,
423542,6031854210010003,CANNABIS PROVISIONS EAST,,ACTIVE (ISSUED),CANNABIS RETAILER,831 N MILLER ST,,WENATCHEE,WA,98801,CHELAN,2533347082,,,
425585,6032377590010004,CANNABIS PROVISIONS INC.,,ACTIVE (ISSUED),CANNABIS RETAILER,938 N 200TH ST STE C,,SHORELINE,WA,98133,KING,2066295235,,,
402780,6048417560010002,CANNABIS SUPER STORE,,ACTIVE (ISSUED),CANNABIS RETAILER,705 EAST 1ST ST,,CLE ELUM,WA,989221252,KITTITAS,3606311239,,,
087932,6033429340010001,CANNABIZ,,ACTIVE (ISSUED),CANNABIS RETAILER,1109 RIVER RD STE A,,PUYALLUP,WA,98371,PIERCE,2532611850,,,
422595,6051340050010002,Cannabliss 21,,ACTIVE (ISSUED),CANNABIS RETAILER,6230 N DIVISION ST,,SPOKANE,WA,992081032,SPOKANE,5099362310,,,
415575,6033596150010001,CANNABLYSS,,ACTIVE (ISSUED),CANNABIS RETAILER,2705 HARTFORD DR STE A,,LAKE STEVENS,WA,98258,SNOHOMISH,4253148652,,,
413366,6052356620010001,CANNARAIL STATION,,ACTIVE (ISSUED),CANNABIS RETAILER,1448 BASIN ST NW SUITE A,,EPHRATA,WA,98823,GRANT,5099227242,,,
439635,6056547110010001,"CANNAZEN, LLC",,ACTIVE (ISSUED),CANNABIS RETAILER,257 ENGH RD,,OMAK,WA,988419472,OKANOGAN,5096707043,,,
350641,6046842120010008,CANNAZONE,,ACTIVE (ISSUED),CANNABIS RETAILER,1956 1ST AVE S,,SEATTLE,WA,981341406,KING,8602092288,,,
420477,6046842120010006,CANNAZONE,,ACTIVE (ISSUED),CANNABIS RETAILER,7217 212TH ST SW,,EDMONDS,WA,980267735,SNOHOMISH,8602092288,,,
421813,6046842120010002,CANNAZONE,,ACTIVE (ISSUED),CANNABIS RETAILER,5655 GUIDE MERIDIAN STE B,SUITE B,BELLINGHAM,WA,982269722,WHATCOM,8602092288,,,
427742,6046842120010004,CANNAZONE,,ACTIVE (ISSUED),CANNABIS RETAILER,3010 OLD HWY 99 SOUTH RD STE B,,MOUNT VERNON,WA,982739037,SKAGIT,8602092288,,,
430952,6047143320010001,CANNAZONE,,ACTIVE (ISSUED),CANNABIS RETAILER,45120 SE NORTH BEND WAY STE B,,NORTH BEND,WA,980459065,KING,8602092288,,,
439653,6050081050010007,CANNAZONE,,ACTIVE (ISSUED),CANNABIS RETAILER,4712 PACIFIC HWY,,BELLINGHAM,WA,982269049,WHATCOM,8602092115,,,
420801,6035879910010002,CARAVAN CANNABIS COMPANY,,ACTIVE (ISSUED),CANNABIS RETAILER,9574 OLD HWY 99 NORTH RD STE B,,BURLINGTON,WA,982336811,SKAGIT,3607550755,,,
435487,6035652650010004,CARAVAN CANNABIS COMPANY,,ACTIVE (ISSUED),CANNABIS RETAILER,1317 W BAKERVIEW RD STE 105,,BELLINGHAM,WA,982269087,WHATCOM,3603251201,,,
414749,6033587380010004,CASCADE HERB COMPANY,,ACTIVE (ISSUED),CANNABIS RETAILER,6167 PORTAL WAY,,FERNDALE,WA,982489363,WHATCOM,3607468587,,,
415094,6033587380010002,CASCADE HERB COMPANY,,ACTIVE (ISSUED),CANNABIS RETAILER,1240 E MAPLE ST STE 103,,BELLINGHAM,WA,982255749,WHATCOM,3607782357,,,
425539,6033656030010003,CASCADE KROPZ,,ACTIVE (ISSUED),CANNABIS RETAILER,19127 SMOKEY POINT BLVD BLDG 1,,ARLINGTON,WA,982234264,SNOHOMISH,3606595422,,,
433034,6048614680010001,CATHLAMET CANNABIS COMPANY,,ACTIVE (ISSUED),CANNABIS RETAILER,295 WA-4,,CATHLAMET,WA,986120000,WAHKIAKUM,2069923117,,,
413492,6035262460010001,CHIMACUM CANNABIS,,ACTIVE (ISSUED),CANNABIS RETAILER,9034 BEAVER VALLEY ROAD,,CHIMACUM,WA,98325,JEFFERSON,2066818394,,,
414817,6033524120010004,CINDER,,ACTIVE (ISSUED),CANNABIS RETAILER,1421 N MULLAN RD STE B,,SPOKANE VALLEY,WA,99206,SPOKANE,5092413091,,,
422294,6033524120010006,CINDER,,ACTIVE (ISSUED),CANNABIS RETAILER,6010 N DIVISION ST,,SPOKANE,WA,99208,SPOKANE,5092413091,,,
423096,6033423140010004,CINDER,,ACTIVE (ISSUED),CANNABIS RETAILER,927 W 2ND AVE STE 1,,SPOKANE,WA,992014501,SPOKANE,5092410110,,,
413358,6052400560010002,CLEAR CHOICE CANNABIS,,ACTIVE (ISSUED),CANNABIS RETAILER,8001 S HOSMER ST,,TACOMA,WA,98408,PIERCE,2068568424,,,
421877,6055045750010001,CLEAR CHOICE CANNABIS,,ACTIVE (ISSUED),CANNABIS RETAILER,6733 STATE HWY 303 NE,,BREMERTON,WA,98311,KITSAP,2068568424,,,
439182,6057608440010001,CLEAR CHOICE CANNABIS,,ACTIVE (ISSUED),CANNABIS RETAILER,317 S 72ND ST,,TACOMA,WA,984086003,PIERCE,2068568424,,,
414807,6041302810010005,CLIFFS CANNABIS,,ACTIVE (ISSUED),CANNABIS RETAILER,1410 NW GILMAN BLVD STE A,,ISSAQUAH,WA,98027,KING,2063355857,,,
414959,6033587180010001,CLOUD CANNABIS,,ACTIVE (ISSUED),CANNABIS RETAILER,11401 RAINIER AVE S,,SEATTLE,WA,98178,KING,2063624444,,,
413803,6033522420010001,CLUTCH CANNABIS,,ACTIVE (ISSUED),CANNABIS RETAILER,11537 RAINIER AVE S,,SEATTLE,WA,981783984,KING,2063210149,,,
413732,6033524150010002,CRAFT CANNABIS,,ACTIVE (ISSUED),CANNABIS RETAILER,6515 E MILL PLAIN BLVD,SMP - 1,VANCOUVER,WA,98661,CLARK,5033417097,,,
414065,6043381880010001,CRAFT CANNABIS,,ACTIVE (ISSUED),CANNABIS RETAILER,1510 N WENATCHEE AVE,,WENATCHEE,WA,98801,CHELAN,5096799999,,,
431536,6045325900010002,"CRAFT CANNABIS, INC.",,ACTIVE (ISSUED),CANNABIS RETAILER,8603 NE ANDRESEN RD,,VANCOUVER,WA,98665,CLARK,5033417097,,,
085059,6047800470010001,CRAFT LEAVENWORTH,,ACTIVE (ISSUED),CANNABIS RETAILER,8459 MAIN ST  UNIT B,UNIT B,DRYDEN,WA,98821,CHELAN,5033417097,,,
423372,6034797720010003,CRAFT TACOMA,,ACTIVE (ISSUED),CANNABIS RETAILER,2128 S 37TH ST,,TACOMA,WA,984097445,PIERCE,2536550420,,,
415645,6056226540010001,CRAFT WENATCHEE,,ACTIVE (ISSUED),CANNABIS RETAILER,907 N WENATCHEE AVENUE STE B,,WENATCHEE,WA,98801,CHELAN,5098888241,,,
413729,6033507270010001,CULT CANNABIS CO.,,ACTIVE (ISSUED),CANNABIS RETAILER,6061 PORTAL WAY,,FERNDALE,WA,98248,WHATCOM,3606762539,,,
432456,6033820290010005,CUTIE JUDY'S CANNABIS COMPANY,,ACTIVE (ISSUED),CANNABIS RETAILER,5613 OLYMPIC HWY,,ABERDEEN,WA,98520,GRAYS HARBOR,3604955938,,,
414539,6045989840010004,DANK OF AMERICA,,ACTIVE (ISSUED),CANNABIS RETAILER,5309 GUIDE MERIDIAN STE A,,BELLINGHAM,WA,98226,WHATCOM,4252314439,,,
422817,6036038240010001,DANK OF AMERICA,,ACTIVE (ISSUED),CANNABIS RETAILER,2530 PEACE PORTAL DR STE B,,BLAINE,WA,982308063,WHATCOM,4252314439,,,
364799,6048256220010001,DANK'S WONDER EMPORIUM,,ACTIVE (ISSUED),CANNABIS RETAILER,7207 212TH ST SW,,EDMONDS,WA,98020,SNOHOMISH,2064583155,,,
441109,6056771600010001,DANK’S TACOMA,,ACTIVE (ISSUED),CANNABIS RETAILER,2632 S 38TH ST STE A,,TACOMA,WA,984097304,PIERCE,2536257628,,,
442981,6059391980010001,DANKS,,ACTIVE (ISSUED),CANNABIS RETAILER,14300 SE PETROVITSKY RD STE C,,RENTON,WA,980588955,KING,2062272980,,,
422303,6046288750010001,DASH & WRIGLEY LLC,,ACTIVE (ISSUED),CANNABIS RETAILER,13003 TUKWILA INTERNATIONAL BL,UNIT A,TUKWILA,WA,98168,KING,2062277687,,,
415202,6033561310010002,DAVE'S PLACE,,ACTIVE (ISSUED),CANNABIS RETAILER,10 MAPLE GROVE RD,,SUNNYSIDE,WA,989440000,YAKIMA,5098300275,,,
414503,6034539570010001,DESTINATION HIGHWAY 420,,ACTIVE (ISSUED),CANNABIS RETAILER,1225 HOLLIS ST,,BREMERTON,WA,98310,KITSAP,3606278754,,,
413374,6033542940010001,DIAMOND GREEN,,ACTIVE (ISSUED),CANNABIS RETAILER,4002 S 12TH ST,,TACOMA,WA,984051509,PIERCE,2532225697,,,
423036,6035859930010001,DISCOVERY BAY CANNABIS,,ACTIVE (ISSUED),CANNABIS RETAILER,282023 HWY 101,,PORT TOWNSEND,WA,983689331,JEFFERSON,2066607221,,,
429044,6036041010010002,DISPO 42,,ACTIVE (ISSUED),CANNABIS RETAILER,4204 RUSSELL RD STE M,,MUKILTEO,WA,982755424,SNOHOMISH,4255318999,,,
414174,6033563140010001,DOCKSIDE CANNABIS,,ACTIVE (ISSUED),CANNABIS RETAILER,1728 4TH AVE S,,SEATTLE,WA,981341502,KING,2063505366,,,
424463,6035692810010002,DOCKSIDE CANNABIS,,ACTIVE (ISSUED),CANNABIS RETAILER,4601 LEARY WAY NW,,SEATTLE,WA,981074544,KING,2068068742,,,
430807,6035692220010004,DOCKSIDE CANNABIS,,ACTIVE (ISSUED),CANNABIS RETAILER,8401 AURORA AVE N STE E1,,SEATTLE,WA,981034332,KING,2065564067,,,
437875,6034157540010006,EMERALD COAST,,ACTIVE (ISSUED),CANNABIS RETAILER,6721 KITSAP WAY BLDG 1,UNIT A&D,BREMERTON,WA,98312,KITSAP,3608131006,,,
434372,6035615210010003,EMERALD LEAVES,,ACTIVE (ISSUED),CANNABIS RETAILER,2609 6TH AVE STE 1,,TACOMA,WA,984067226,PIERCE,2064825627,,,
414495,6033549340010003,EUPHORIUM,,ACTIVE (ISSUED),CANNABIS RETAILER,21127 STATE ROUTE 9 SE,,WOODINVILLE,WA,980729703,SNOHOMISH,4254080556,,,
414491,6033549480010002,EUPHORIUM 420,,ACTIVE (ISSUED),CANNABIS RETAILER,27623 COVINGTON WAY SE UNIT 1,,COVINGTON,WA,98042,KING,4255774533,,,
414500,6033538920010001,EUPHORIUM 420,,ACTIVE (ISSUED),CANNABIS RETAILER,20925 CYPRESS WAY STE C-103,,LYNNWOOD,WA,98036,SNOHOMISH,4255774533,,,
420895,6041488560010001,EUPHORIUM 420,,ACTIVE (ISSUED),CANNABIS RETAILER,17917 VASHON HWY SW,,VASHON,WA,98070,KING,4255774533,,,
434063,6033543680010006,EUPHORIUM 420,,ACTIVE (ISSUED),CANNABIS RETAILER,26828 WA-9,,ARLINGTON,WA,98223,SNOHOMISH,4256780271,,,
414714,6033577780010001,EVERGREEN MARKET - AUBURN,,ACTIVE (ISSUED),CANNABIS RETAILER,402 16TH ST NE STE A-100,,AUBURN,WA,98002,KING,2068527155,,,
426125,6035781200010005,EVERGREEN MARKET - BELLEVUE,,ACTIVE (ISSUED),CANNABIS RETAILER,638 116TH AVE NE,,BELLEVUE,WA,980045216,KING,2068527155,,,
357129,6035653130010003,EVERGREEN MARKET - KIRKLAND,,ACTIVE (ISSUED),CANNABIS RETAILER,11438 NE 124TH ST,,KIRKLAND,WA,98034,KING,4257652935,,,
413791,6033501150010001,EVERGREEN MARKET - NORTH RENTON,,ACTIVE (ISSUED),CANNABIS RETAILER,409 RAINIER AVE N,,RENTON,WA,980575319,KING,4253188898,,,
414841,6053250860010001,EVERGREEN MARKET - RENTON HIGHLANDS,,ACTIVE (ISSUED),CANNABIS RETAILER,4033 NE SUNSET BLVD UNIT 5,,RENTON,WA,98056,KING,4258293105,,,
424747,6040059320010003,EVERGREEN MARKET - SOUTH RENTON,,ACTIVE (ISSUED),CANNABIS RETAILER,4242 E VALLEY RD,,RENTON,WA,98057,KING,4253188898,,,
079720,6035601210010004,FILLABONG,,ACTIVE (ISSUED),CANNABIS RETAILER,3249 PERRY AVE STE B,,BREMERTON,WA,98310,KITSAP,3604432293,,,
415211,6035601210010002,FILLABONG,,ACTIVE (ISSUED),CANNABIS RETAILER,2839 NW KITSAP PL STE A,,SILVERDALE,WA,98383,KITSAP,3604432293,,,
421738,6033479550010002,FIRE CANNABIS CO,,ACTIVE (ISSUED),CANNABIS RETAILER,903 ENGH RD SUITE D,,OMAK,WA,98841,OKANOGAN,7202719997,,,
436929,6048319130010002,FIRE CANNABIS CO -,,ACTIVE (ISSUED),CANNABIS RETAILER,1401 S 1ST ST STE 102,,YAKIMA,WA,98901,YAKIMA,5093676043,,,
414223,6042674710010001,FLOYD'S CANNABIS CO.,,ACTIVE (ISSUED),CANNABIS RETAILER,1403 E 1ST STREET,,PORT ANGELES,WA,98362,CLALLAM,2068530645,,,
422055,6035808890010002,FLOYD'S CANNABIS COMPANY,,ACTIVE (ISSUED),CANNABIS RETAILER,5952 AIRPORT RD,,PULLMAN,WA,99163,WHITMAN,5098723080,,,
414680,6053371140010001,FLOYDS,,ACTIVE (ISSUED),CANNABIS RETAILER,4218 RUCKER AVE,,EVERETT,WA,98203,SNOHOMISH,2065471914,,,
422049,6035710750010001,FLOYDS,,ACTIVE (ISSUED),CANNABIS RETAILER,410 W STATE ST,,SEDRO WOOLLEY,WA,982841557,SKAGIT,3605884473,,,
422785,6036035410010001,FORBIDDEN CANNABIS CLUB,,ACTIVE (ISSUED),CANNABIS RETAILER,1171 WIND RIVER HIGHWAY,SUITE A,CARSON,WA,98610,SKAMANIA,2532241442,,,
432498,6036041410010003,FORBIDDEN CANNABIS CLUB,,ACTIVE (ISSUED),CANNABIS RETAILER,2108 ELMWAY UNIT A,,OKANOGAN,WA,98840,OKANOGAN,2532241442,,,
435277,6036035380010004,FORBIDDEN CANNABIS CLUB,,ACTIVE (ISSUED),CANNABIS RETAILER,2256 HWY 153 STE B,,CARLTON,WA,98814,OKANOGAN,2532241442,,,
422913,6049224840010001,FORBIDDEN CANNABIS CLUB MT. VERNON,,ACTIVE (ISSUED),CANNABIS RETAILER,3818 OLD HIGHWAY 99 S RD,,MOUNT VERNON,WA,98273,SKAGIT,2067696074,,,
421632,6046249900010001,FORBIDDEN CANNABIS CLUB OLYMPIA,,ACTIVE (ISSUED),CANNABIS RETAILER,1123 SLEATER KINNEY RD SE,,LACEY,WA,98503,THURSTON,2064127285,,,
413809,6046249900010002,FORBIDDEN CANNABIS CLUB SEATTLE,,ACTIVE (ISSUED),CANNABIS RETAILER,2413 E UNION ST,,SEATTLE,WA,98122,KING,2064127285,,,
425185,6046358250010001,FORBIDDEN CANNABIS SUPER CHRONIC,,ACTIVE (ISSUED),CANNABIS RETAILER,6326 MARTIN WAY E STE 103,,LACEY,WA,98516,THURSTON,2064127285,,,
436879,6050081050010006,FOXX ENTERPRISES LLC,,ACTIVE (ISSUED),CANNABIS RETAILER,5655 GUIDE MERIDIAN STE C,,BELLINGHAM,WA,982269722,WHATCOM,8602092288,,,
436898,6050081050010005,FOXX ENTERPRISES LLC,,ACTIVE (ISSUED),CANNABIS RETAILER,20333 STATE ROUTE 20,,BURLINGTON,WA,982334725,SKAGIT,8602092288,,,
414280,6046389790010001,FREEDOM MARKET,,ACTIVE (ISSUED),CANNABIS RETAILER,820A WESTSIDE HWY,,KELSO,WA,98626,COWLITZ,3606360420,,,
422459,6041543780010001,FREEDOM MARKET CATHLAMET CORP,,ACTIVE (ISSUED),CANNABIS RETAILER,327 SR 4,,CATHLAMET,WA,98612,WAHKIAKUM,3602617061,,,
421757,6040523690010001,FREEDOM MARKET ILWACO,,ACTIVE (ISSUED),CANNABIS RETAILER,133 HOWERTON AVE SE STE B,,ILWACO,WA,98624,PACIFIC,3607036090,,,
422777,6036018460010001,FREELAND CANNABIS COMPANY,,ACTIVE (ISSUED),CANNABIS RETAILER,18646 SR 525 STE B,STE B,FREELAND,WA,982498752,ISLAND,4255126880,,,
413530,6041989910010001,FRESH GREENS,,ACTIVE (ISSUED),CANNABIS RETAILER,29 HORIZON FLATS RD STE 8,,WINTHROP,WA,988628400,OKANOGAN,5094295556,,,
436837,6035877900010002,FROSTED SPRAGUE,,ACTIVE (ISSUED),CANNABIS RETAILER,4123 E SPRAGUE AVE STE A,,SPOKANE,WA,992024850,SPOKANE,5094740461,,,
412922,6028304620010002,FWEEDOM CANNABIS,,ACTIVE (ISSUED),CANNABIS RETAILER,12001 AURORA AVE N UNIT #1,,SEATTLE,WA,98133,KING,2064190260,,,
415031,6033575180010001,FWEEDOM CANNABIS,,ACTIVE (ISSUED),CANNABIS RETAILER,21911 64TH AVE W   STE D,STE D,MOUNTLAKE TERRACE,WA,980430000,SNOHOMISH,4259540640,,,
421695,6049177140010001,GALAXY 21,,ACTIVE (ISSUED),CANNABIS RETAILER,11042 1ST AVENUE S,,SEATTLE,WA,98168,KING,2068544354,,,
415234,6033531960010005,GALAXY CANNABIS,,ACTIVE (ISSUED),CANNABIS RETAILER,3845 BRIDGE WAY N,,SEATTLE,WA,98103,KING,2062854005,,,
415539,6033594670010003,GANJA VITA,,ACTIVE (ISSUED),CANNABIS RETAILER,23441 NE STATE ROUTE 3,,BELFAIR,WA,985280000,MASON,2535143949,,,
414292,6033556170010001,GOLDEN DISPENSARIES,,ACTIVE (ISSUED),CANNABIS RETAILER,650 LLAMA LN,,GOLDENDALE,WA,986209140,KLICKITAT,5097730700,,,
431222,6035764710010004,GOOBIE'S DOOBIES,,ACTIVE (ISSUED),CANNABIS RETAILER,28730 MAPLE VALLEY BLACK,DIAMOND RD SE STE A,MAPLE VALLEY,WA,980388195,KING,2534595741,,,
415294,6023777230010001,GOODBUDS,,ACTIVE (ISSUED),CANNABIS RETAILER,5384 NW K RD STE A,,QUINCY,WA,988480000,GRANT,3609819495,,,
421642,6045718900010001,GREEN DREAMS,,ACTIVE (ISSUED),CANNABIS RETAILER,8529 52ND ST SE,,SNOHOMISH,WA,982909282,SNOHOMISH,4252639972,,,
415130,6033601220010003,GREEN LADY,,ACTIVE (ISSUED),CANNABIS RETAILER,3044 PACIFIC AVE SE STE B,,OLYMPIA,WA,98501,THURSTON,5098697574,,,
414963,6056014130010001,GREEN LADY LACEY,,ACTIVE (ISSUED),CANNABIS RETAILER,4820 YELM HWY SE SUITE D,,LACEY,WA,985034903,THURSTON,5098697574,,,
416540,6035644790010003,"GREEN LADY WESTSIDE, INC.",,ACTIVE (ISSUED),CANNABIS RETAILER,2405 HARRISON AVE NW STE 201,,OLYMPIA,WA,98502,THURSTON,5098697475,,,
414755,6033599440010002,GREEN LIFE CANNABIS,,ACTIVE (ISSUED),CANNABIS RETAILER,3012 GS CENTER RD STE A,,WENATCHEE,WA,988019116,CHELAN,2817260614,,,
413798,6033511700010001,GREEN OUTFITTERS,,ACTIVE (ISSUED),CANNABIS RETAILER,668 OCEAN SHORES BLVD NW,,OCEAN SHORES,WA,985699344,GRAYS HARBOR,4252684391,,,
422103,6041627960010001,GREEN ROOM OH INC.,,ACTIVE (ISSUED),CANNABIS RETAILER,1640 NE GOLDIE ST STE B,,OAK HARBOR,WA,98277,ISLAND,2065048629,,,
422504,6033498370010005,GREEN SOLUTION PLACE,,ACTIVE (ISSUED),CANNABIS RETAILER,1845 1ST ST,,CHENEY,WA,990041966,SPOKANE,2539732476,,,
413801,6048883500010002,GREEN STOP MT. BAKER,,ACTIVE (ISSUED),CANNABIS RETAILER,7466 MT BAKER HWY,,DEMING,WA,982449557,WHATCOM,3607468734,,,
425068,6043045450010002,GREEN THEORY,,ACTIVE (ISSUED),CANNABIS RETAILER,1940 124TH AVE NE STE A-101,,BELLEVUE,WA,98005,KING,4255027033,,,
421777,6043045450010003,GREEN THEORY FACTORIA,,ACTIVE (ISSUED),CANNABIS RETAILER,12827 SE 40TH PL,,BELLEVUE,WA,98006,KING,4255027033,,,
081400,6040966540010001,GREEN TIKI CANNABIS,,ACTIVE (ISSUED),CANNABIS RETAILER,8208 NE STATE HIGHWAY 104,STE 101,KINGSTON,WA,98346,KITSAP,3607101577,,,
410273,6033031360010002,GREEN2GO,,ACTIVE (ISSUED),CANNABIS RETAILER,214307 E SR 397,,KENNEWICK,WA,99337,BENTON,2065517084,,,
437561,6033031360010011,GREEN2GO PASCO,,ACTIVE (ISSUED),CANNABIS RETAILER,5804 ROAD 90 STE G,,PASCO,WA,99301,FRANKLIN,2065517084,,,
421789,6035719210010001,GREENER DAZE CANNABIS,,ACTIVE (ISSUED),CANNABIS RETAILER,945 WASHINGTON WAY STE 121,,LONGVIEW,WA,98632,COWLITZ,3606063260,,,
414356,6033513920010001,GREENFIELD COMPANY CANNABIS MERCANTILE,,ACTIVE (ISSUED),CANNABIS RETAILER,728 6TH ST,,CLARKSTON,WA,99403,ASOTIN,2069621025,,,
420898,6032194300010001,GREENHAND,,ACTIVE (ISSUED),CANNABIS RETAILER,2424 N MONROE STREET,,SPOKANE,WA,99205,SPOKANE,2067357072,,,
415112,6033593200010002,GREENLIGHT,,ACTIVE (ISSUED),CANNABIS RETAILER,10309 E TRENT AVE,,MILLWOOD,WA,992064514,SPOKANE,5094752821,,,
414767,6013587260010004,GREENS ON GOLD,,ACTIVE (ISSUED),CANNABIS RETAILER,1039 S GOLD ST,,CENTRALIA,WA,985313711,LEWIS,3607480807,,,
414295,6033489910010001,GREENSIDE,,ACTIVE (ISSUED),CANNABIS RETAILER,23407 PACIFIC HWY S,,DES MOINES,WA,98198,KING,2067907036,,,
436502,6033489910010003,GREENSIDE RECREATIONAL,,ACTIVE (ISSUED),CANNABIS RETAILER,523 QUEEN ANNE AVE N,,SEATTLE,WA,98109,KING,2067907036,,,
420400,6033360940010003,GREENVIEW CANNABIS,,ACTIVE (ISSUED),CANNABIS RETAILER,530 7TH AVE STE D,,LONGVIEW,WA,98632,COWLITZ,3607891364,,,
413541,6033535550010001,GREENWAY MARIJUANA,,ACTIVE (ISSUED),CANNABIS RETAILER,4851 GEIGER RD SE,,PORT ORCHARD,WA,98366,KITSAP,3604436988,,,
413428,6019957890010004,GREENWORKS N.W.,,ACTIVE (ISSUED),CANNABIS RETAILER,315 N 105TH ST,,SEATTLE,WA,981338705,KING,2064925132,,,
415124,6033596440010002,GROWERS OUTLET,,ACTIVE (ISSUED),CANNABIS RETAILER,613 MONTANA AVE STE 2,,SOUTH BEND,WA,985860000,PACIFIC,3604515888,,,
421491,6032945690010002,GYPSY GREEN,,ACTIVE (ISSUED),CANNABIS RETAILER,234 DIVISION ST NW STE B,,OLYMPIA,WA,98502,THURSTON,5055507710,,,
421900,6032945690010003,GYPSY GREEN,,ACTIVE (ISSUED),CANNABIS RETAILER,1570 N NATIONAL AVE STE 105,,CHEHALIS,WA,98532,LEWIS,5055507710,,,
415238,6035813490010005,HANGAR 420,,ACTIVE (ISSUED),CANNABIS RETAILER,15919 HWY 99,,LYNNWOOD,WA,980871427,SNOHOMISH,4259492873,,,
422461,6035813490010006,HANGAR 420,,ACTIVE (ISSUED),CANNABIS RETAILER,14221 LAKE RD,,LYNNWOOD,WA,980871710,SNOHOMISH,4259492983,,,
421667,6035813490010007,HANGAR 420 CLEARVIEW,,ACTIVE (ISSUED),CANNABIS RETAILER,18026 STATE ROUTE 9 SE,,SNOHOMISH,WA,98296,SNOHOMISH,4259492983,,,
421873,6035813490010004,HANGAR 420 SNOHOMISH,,ACTIVE (ISSUED),CANNABIS RETAILER,9929 AIRPORT WAY UNIT 1,,SNOHOMISH,WA,982968229,SNOHOMISH,2064987171,,,
354876,6035158110010002,HAPPY TIME,,ACTIVE (ISSUED),CANNABIS RETAILER,1315 N 1ST ST,,YAKIMA,WA,98901,YAKIMA,5094802097,,,
422781,6046581730010001,HAPPY TIME LLC 2,,ACTIVE (ISSUED),CANNABIS RETAILER,200 SUZANNE LANE STE D,,MOUNT VERNON,WA,98273,SKAGIT,5094802097,,,
422138,6046580800010001,HAPPY TIME LLC 3,,ACTIVE (ISSUED),CANNABIS RETAILER,5602 STATE ROUTE 270 STE B,,PULLMAN,WA,99163,WHITMAN,5094802097,,,
424273,6033520160010003,HAPPY TREES,,ACTIVE (ISSUED),CANNABIS RETAILER,407 E 1ST ST,,CLE ELUM,WA,98922,KITTITAS,2532262135,,,
415098,6035649850010002,HASHTAG CANNABIS,,ACTIVE (ISSUED),CANNABIS RETAILER,10 SE EVERETT MALL WAY STE C&D,,EVERETT,WA,982088125,SNOHOMISH,2066508928,,,
430254,6035650700010003,HASHTAG CANNABIS,,ACTIVE (ISSUED),CANNABIS RETAILER,7829 LEARY WAY NE,,REDMOND,WA,980524338,KING,2066508928,,,
415333,6031909830010002,HAVE A HEART,,ACTIVE (ISSUED),CANNABIS RETAILER,12833 MARTIN LUTHER KING JR,WAY S SMP - 1,SEATTLE,WA,98178,KING,2062618206,,,
423379,6033536370010004,HAVE A HEART,,ACTIVE (ISSUED),CANNABIS RETAILER,115 BLANCHARD ST,,SEATTLE,WA,981212020,KING,5202508988,,,
423536,6033603630010004,HAVE A HEART,,ACTIVE (ISSUED),CANNABIS RETAILER,22624 MERIDIAN AVE S STE B,,BOTHELL,WA,980218358,SNOHOMISH,2062618206,,,
421409,6031064400010002,HAVE A HEART CC,,ACTIVE (ISSUED),CANNABIS RETAILER,300 NW 85TH ST STE A,,SEATTLE,WA,98117,KING,2062574500,,,
402039,6032851830010001,HERB'S HOUSE,,ACTIVE (ISSUED),CANNABIS RETAILER,716 NW 65TH ST,,SEATTLE,WA,981175049,KING,2065577388,,,
411970,6024843170010004,HERBAL E SCENTS,,ACTIVE (ISSUED),CANNABIS RETAILER,120 CANNING DRIVE NORTHEAST,,COLVILLE,WA,99114,STEVENS,5096844420,,,
413683,6034896600010001,HERBAL NATION,,ACTIVE (ISSUED),CANNABIS RETAILER,19302 BOTHELL EVERETT HWY,,BOTHELL,WA,980127113,SNOHOMISH,4254861111,,,
427457,6035830060010005,HERBAN MARKET,,ACTIVE (ISSUED),CANNABIS RETAILER,3965 BETHEL RD SE STE 3,,PORT ORCHARD,WA,983661915,KITSAP,3608133644,,,
429699,6033503770010004,HIGH END MARKET PLACE,,ACTIVE (ISSUED),CANNABIS RETAILER,1924 BROADWAY ST STE A,,VANCOUVER,WA,98663,CLARK,3606953612,,,
430097,6024843170010008,HIGH LIFE CANNABIS,,ACTIVE (ISSUED),CANNABIS RETAILER,5978 HIGHWAY 291 UNIT 6,,NINE MILE FALLS,WA,99026,STEVENS,5096844420,,,
414430,6033510330010002,HIGH SOCIETY,,ACTIVE (ISSUED),CANNABIS RETAILER,1824 BROADWAY,,EVERETT,WA,982012349,SNOHOMISH,2063071651,,,
413534,6046001880010001,HIGH SOCIETY ANACORTES,,ACTIVE (ISSUED),CANNABIS RETAILER,8630 S MARCH POINT RD,,ANACORTES,WA,98221,SKAGIT,3602992211,,,
413533,6041319920010001,HIGH SOCIETY BURLINGTON,,ACTIVE (ISSUED),CANNABIS RETAILER,735 S. BURLINGTON BLVD,,BURLINGTON,WA,98233,SKAGIT,3606610168,,,
421702,6034040170010002,HIGH-5 CANNABIS,,ACTIVE (ISSUED),CANNABIS RETAILER,6511 NE 137TH AVE,,VANCOUVER,WA,98682,CLARK,3605714568,,,
427533,6034040170010003,HIGH-5 CANNABIS,,ACTIVE (ISSUED),CANNABIS RETAILER,25 NE 2ND ST STE B,,STEVENSON,WA,98648,SKAMANIA,3605714568,,,
423000,6033437360010006,HIGHER LEAF MARIJUANA BELLEVUE,,ACTIVE (ISSUED),CANNABIS RETAILER,3079 156TH AVE SE,,BELLEVUE,WA,98007,KING,4257475967,,,
422218,6034142130010002,HIGHER LEAF MARIJUANA BOUTIQUE,,ACTIVE (ISSUED),CANNABIS RETAILER,12525 WILLOWS RD NE STE 10,SMP - 2,KIRKLAND,WA,98034,KING,4258205967,,,
415486,6054768140010002,HIGHER LEAF REDMOND,,ACTIVE (ISSUED),CANNABIS RETAILER,15937 REDMOND WAY STE B,,REDMOND,WA,980523836,KING,2067952434,,,
430424,6054768140010003,HIGHER LEAF REDMOND,,ACTIVE (ISSUED),CANNABIS RETAILER,8210 AVONDALE WAY NE,,REDMOND,WA,98052,KING,2067952434,,,
434402,6035188950010007,HOUSE OF CANNABIS - TACOMA,,ACTIVE (ISSUED),CANNABIS RETAILER,764 S 56TH ST,,TACOMA,WA,98408,PIERCE,2532413261,,,
422454,6035188950010004,HOUSE OF CANNABIS - TONASKET,,ACTIVE (ISSUED),CANNABIS RETAILER,309 4TH ST W STE A,,TONASKET,WA,98855,OKANOGAN,2532413261,,,
400085,6035188950010006,HOUSE OF CANNABIS - TWISP,,ACTIVE (ISSUED),CANNABIS RETAILER,1017 E METHOW VALLEY HWY,,TWISP,WA,98856,OKANOGAN,2532413261,,,
422457,6053304590010001,HOUSE OF CANNABIS - WHIDBEY,,ACTIVE (ISSUED),CANNABIS RETAILER,25171 SR 525 #2,#2,GREENBANK,WA,98253,ISLAND,2532413261,,,
413427,6027629820010002,HWY 420,,ACTIVE (ISSUED),CANNABIS RETAILER,11493 CLEAR CREEK RD,,SILVERDALE,WA,98383,KITSAP,3604408671,,,
437434,6034060990010002,HWY 420,,ACTIVE (ISSUED),CANNABIS RETAILER,19740 VIKING AVE NW,SMP - 2,POULSBO,WA,98370,KITSAP,3609323182,,,
425498,6043710730010001,HYPEHERBALLY,,ACTIVE (ISSUED),CANNABIS RETAILER,14702 HIGHWAY 99,,LYNNWOOD,WA,980875522,SNOHOMISH,4255829385,,,
414750,6033505020010001,III KING COMPANY,,ACTIVE (ISSUED),CANNABIS RETAILER,12925 MARTIN LUTHER KINGJR WAY,,SEATTLE,WA,981780000,KING,2064911397,,,
413727,6033504390010001,ISLAND HERB,,ACTIVE (ISSUED),CANNABIS RETAILER,5565 VANBARR PLACE UNIT F,,FREELAND,WA,98249,ISLAND,3603310140,,,
414867,6033564790010001,ISSAQUAH CANNABIS COMPANY,,ACTIVE (ISSUED),CANNABIS RETAILER,230 NE JUNIPER ST STE#201,STE#201,ISSAQUAH,WA,98027,KING,2063355857,,,
423203,6035809000010002,IT IS LIT,,ACTIVE (ISSUED),CANNABIS RETAILER,1611 S SMITTYS BLVD  STE B,STE B,RITZVILLE,WA,991692264,ADAMS,5096600497,,,
425584,6056359510010001,JAB HEIGHTS PULLMAN,,ACTIVE (ISSUED),CANNABIS RETAILER,1212 N GRAND AVE,,PULLMAN,WA,99163,WHITMAN,2066788443,,,
422992,6056336540010001,JAB MOMENTS SPOKANE,,ACTIVE (ISSUED),CANNABIS RETAILER,6620 N MARKET ST STE 101,,SPOKANE,WA,99217,SPOKANE,2066788443,,,
414753,6044313900010003,JET CANNABIS,,ACTIVE (ISSUED),CANNABIS RETAILER,13224 HIGHWAY 99,,EVERETT,WA,982045424,SNOHOMISH,4252334844,,,
437823,6035615620010006,KAHD HOLDING,,ACTIVE (ISSUED),CANNABIS RETAILER,5301 SOUTHCENTER BLVD STE B,,TUKWILA,WA,981882429,KING,0000000000,,,
414345,6046242090010001,KALEAFA,,ACTIVE (ISSUED),CANNABIS RETAILER,401 SOUTH BOONE,,ABERDEEN,WA,98520,GRAYS HARBOR,3122033450,,,
417643,6033220580010002,KALEAFA,,ACTIVE (ISSUED),CANNABIS RETAILER,33858 SR 20 STE 102,,OAK HARBOR,WA,98277,ISLAND,3122033450,,,
429441,6035861690010005,KALEAFA,,ACTIVE (ISSUED),CANNABIS RETAILER,25745 PACIFIC HWY S,,DES MOINES,WA,98198,KING,2064600503,,,
421168,6035537530010001,KARMA CANNABIS,,ACTIVE (ISSUED),CANNABIS RETAILER,131 RIVER RD   STE A,,SEQUIM,WA,983829804,CLALLAM,3604606641,,,
425925,6048027430010001,KING CRONIC,,ACTIVE (ISSUED),CANNABIS RETAILER,1110 E YELM AVE STE C,,YELM,WA,98597,THURSTON,2063515957,,,
435420,6035609550010003,KITSAP CANNABIS PORT ORCHARD,,ACTIVE (ISSUED),CANNABIS RETAILER,4255 SE MILE HILL DR #101,,PORT ORCHARD,WA,983663920,KITSAP,3608658092,,,
420336,6040934440010001,KUSH,,ACTIVE (ISSUED),CANNABIS RETAILER,11834 NE 90TH ST,,KIRKLAND,WA,980335814,KING,4252693242,,,
425493,6046005620010001,KUSH 21,,ACTIVE (ISSUED),CANNABIS RETAILER,517 128TH ST SW STE B,,EVERETT,WA,982047311,SNOHOMISH,2063830943,,,
424751,6046521590010001,KUSH 21 BUCKLEY LLC,,ACTIVE (ISSUED),CANNABIS RETAILER,29393 STATE ROUTE 410 E STE D,,BUCKLEY,WA,98321,PIERCE,3605611664,,,
438816,6057582300010001,KUSH21 EVERETT,,ACTIVE (ISSUED),CANNABIS RETAILER,11311 HIGHWAY 99,,EVERETT,WA,982044816,SNOHOMISH,3605611664,,,
438629,6057605530010001,KUSH21 SODO,,ACTIVE (ISSUED),CANNABIS RETAILER,2215 4TH AVENUE SOUTH,,SEATTLE,WA,98134,KING,3605611664,,,
430737,6040720270010003,KUSHKLUB,,ACTIVE (ISSUED),CANNABIS RETAILER,20019 AURORA AVE N UNIT B,,SHORELINE,WA,981333120,KING,2067691282,,,
421552,6027085610010004,KUSHMAN,,ACTIVE (ISSUED),CANNABIS RETAILER,15804 HIGHWAY 99 UNIT A,,LYNNWOOD,WA,980871426,SNOHOMISH,4254441575,,,
426731,6027085610010009,KUSHMAN,,ACTIVE (ISSUED),CANNABIS RETAILER,8911 EVERGREEN WAY,,EVERETT,WA,98208,SNOHOMISH,4254441575,,,
416102,6035539770010001,KUSHMART SOUTH EVERETT,,ACTIVE (ISSUED),CANNABIS RETAILER,13220 HWY 99 S,,EVERETT,WA,98204,SNOHOMISH,4255820088,,,
414881,6033579990010001,LAWRENCE ENTERPRISES,,ACTIVE (ISSUED),CANNABIS RETAILER,322 DANIEL LN,,FRIDAY HARBOR,WA,982506153,SAN JUAN,3603782288,,,
417880,6033573230010003,LEGAL MARIJUANA SUPERSTORE,,ACTIVE (ISSUED),CANNABIS RETAILER,3610 BETHEL RD SE,SUITE 100,PORT ORCHARD,WA,983670000,KITSAP,3603401009,,,
414664,6054236290010001,LIDZ CANNABIS,,ACTIVE (ISSUED),CANNABIS RETAILER,9301 N DIVISION ST STE B-C,,SPOKANE,WA,992181254,SPOKANE,5038057828,,,
421698,6054233280010001,LIDZ CANNABIS,,ACTIVE (ISSUED),CANNABIS RETAILER,2804 E 30TH AVE,,SPOKANE,WA,992234782,SPOKANE,5038057828,,,
420741,6033394100010004,LIVING WELL ENTERPRISES,,ACTIVE (ISSUED),CANNABIS RETAILER,17730 AMBAUM BLVD S UNIT E,,BURIEN,WA,98148,KING,2068128092,,,
429803,6041937950010004,LOCAL AMSTERDAM,,ACTIVE (ISSUED),CANNABIS RETAILER,3200 15TH AVE W UNIT B,,SEATTLE,WA,98119,KING,3603533628,,,
422336,6046150810010001,LOCAL ROOTS,,ACTIVE (ISSUED),CANNABIS RETAILER,1009 E YAKIMA AVE,,YAKIMA,WA,98901,YAKIMA,2063830943,,,
420785,6046612970010001,LOCAL ROOTS TACOMA,,ACTIVE (ISSUED),CANNABIS RETAILER,5917 N 26TH ST STE A,,TACOMA,WA,98407,PIERCE,2063830943,,,
414243,6041937950010001,LOCALAMSTER,,ACTIVE (ISSUED),CANNABIS RETAILER,1006 CALIFORNIA WAY,,LONGVIEW,WA,98632,COWLITZ,3603533628,,,
414823,6033588730010001,LOCALS CANNA HOUSE,,ACTIVE (ISSUED),CANNABIS RETAILER,9616 E SPRAGUE AVE,STE B,SPOKANE VALLEY,WA,99206,SPOKANE,5092946552,,,
413544,6033544480010001,LONGVIEW FREEDOM MARKET,,ACTIVE (ISSUED),CANNABIS RETAILER,971 14TH AVE STE 110,,LONGVIEW,WA,986324049,COWLITZ,3602617055,,,
410798,6043040910010001,LOVELY BUDS DIVISION,,ACTIVE (ISSUED),CANNABIS RETAILER,1403 N DIVISION ST STE A,,SPOKANE,WA,99202,SPOKANE,2082904347,,,
412490,6035879370010002,LOVELY BUDS NORTH,,ACTIVE (ISSUED),CANNABIS RETAILER,1919 E FRANCIS AVE  STE B,,SPOKANE,WA,992082747,SPOKANE,4065465411,,,
412370,6033482370010001,LOVING FARMS,,ACTIVE (ISSUED),CANNABIS RETAILER,2615 OLD HIGHWAY 99 S,,MOUNT VERNON,WA,98273,SKAGIT,3605405168,,,
437262,6033590350010003,LUCID,,ACTIVE (ISSUED),CANNABIS RETAILER,916 HENSLEY ST NE,,OLYMPIA,WA,985165414,THURSTON,5304010839,,,
422194,6024649910010005,"LUCID AUBURN, 21+ CANNABIS, 21+ MARIJUANA",,ACTIVE (ISSUED),CANNABIS RETAILER,3310 AUBURN WAY N STE C/D,,AUBURN,WA,980021800,KING,2539732476,,,
352673,6016367550010006,LUCID PUYALLUP,,ACTIVE (ISSUED),CANNABIS RETAILER,7924 RIVER ROAD,,PUYALLUP,WA,98371,PIERCE,2539732476,,,
422442,6033514230010003,LUCKY LEAF,,ACTIVE (ISSUED),CANNABIS RETAILER,1111 W 1ST AVE STE A,,SPOKANE,WA,992014005,SPOKANE,5096194248,,,
414160,6034151100010001,LUX POT SHOP,,ACTIVE (ISSUED),CANNABIS RETAILER,10333 LAKE CITY WAY NE #101,,SEATTLE,WA,98125,KING,2067193162,,,
414532,6034150760010001,LUX POT SHOP,,ACTIVE (ISSUED),CANNABIS RETAILER,4912 17TH AVE NW STE A,,SEATTLE,WA,98107,KING,2067193162,,,
434272,6044081350010002,LUX POT SHOP,,ACTIVE (ISSUED),CANNABIS RETAILER,114 VINE ST,,SEATTLE,WA,981211439,KING,2067193162,,,
437368,6032194490010006,MAGIC TREE COLLECTIVE 206,,ACTIVE (ISSUED),CANNABIS RETAILER,745 N GRAND AVE STE 106,SMP - 2,PULLMAN,WA,99163,WHITMAN,2532056372,,,
414876,6033571610010001,MAIN STREET MARIJUANA,,ACTIVE (ISSUED),CANNABIS RETAILER,2314 MAIN ST,,VANCOUVER,WA,98660,CLARK,3606063260,,,
421805,6035719200010001,MAIN STREET MARIJUANA EAST,,ACTIVE (ISSUED),CANNABIS RETAILER,16219 SE 12TH ST STE 104,,VANCOUVER,WA,98683,CLARK,3606063260,,,
435081,6049895210010002,MAIN STREET MARIJUANA NORTH,,ACTIVE (ISSUED),CANNABIS RETAILER,7908 NE HIGHWAY 99,,VANCOUVER,WA,98665,CLARK,3606063260,,,
413414,6034303690010001,MARGIES'S POT SHOP,,ACTIVE (ISSUED),CANNABIS RETAILER,405 E STEUBEN ST,,BINGEN,WA,98605,KLICKITAT,5092813420,,,
367339,6035871190010006,MARIJUANA CLUB 99 LLC,,ACTIVE (ISSUED),CANNABIS RETAILER,36728 US 2,,SULTAN,WA,982949640,SNOHOMISH,4252688875,,,
428846,6033519760010004,MARIJUANA MART,,ACTIVE (ISSUED),CANNABIS RETAILER,6230 197TH SW AVE,,ROCHESTER,WA,985790000,THURSTON,3608587188,,,
435092,6030644390010003,MARLEY 420,,ACTIVE (ISSUED),CANNABIS RETAILER,27022 168TH PL SE,,COVINGTON,WA,98042,KING,2067147733,,,
417646,6041385610010001,MARY JANE'S,,ACTIVE (ISSUED),CANNABIS RETAILER,2829 N MARKET ST,,SPOKANE,WA,99207,SPOKANE,5098554485,,,
414864,6041405300010001,MARY JANES,,ACTIVE (ISSUED),CANNABIS RETAILER,1037 W MARINA DR,,MOSES LAKE,WA,98837,GRANT,5098554485,,,
424311,6036229840010002,MARY MART INC,,ACTIVE (ISSUED),CANNABIS RETAILER,3002 6TH AVE STE 100,,TACOMA,WA,984066203,PIERCE,2539614231,,,
437305,6033565140010010,MILLERS MARIJUANA,,ACTIVE (ISSUED),CANNABIS RETAILER,302 W WALDRIP ST,,ELMA,WA,985410000,GRAYS HARBOR,3606379282,,,
414735,6021513210010001,MISTER BUDS,,ACTIVE (ISSUED),CANNABIS RETAILER,536 MARINE DR STE B,,PORT ANGELES,WA,98363,CLALLAM,3607971966,,,
426443,6035831590010006,MOLECULE,,ACTIVE (ISSUED),CANNABIS RETAILER,206 MORGAN ST,,DAVENPORT,WA,991225178,LINCOLN,5099362310,,,
422981,6033568920010001,"MOUNT BAKER RETAIL PARTNERS, LLC",,ACTIVE (ISSUED),CANNABIS RETAILER,12539 E MARGINAL WAY S STE C,,TUKWILA,WA,981682560,KING,2068182083,,,
414060,6032584710010002,MOUNT VERNON CANNABIS CENTER,,ACTIVE (ISSUED),CANNABIS RETAILER,2714 HENSON RD,,MOUNT VERNON,WA,98273,SKAGIT,9259891998,,,
422796,6048648970010001,MOUNT VERNON RETAIL HOLDINGS LLC,,ACTIVE (ISSUED),CANNABIS RETAILER,17929 STATE ROUTE 536  STE B,STE B,MOUNT VERNON,WA,982733216,SKAGIT,2062401308,,,
424190,6034123630010003,MR. DOOBEES,,ACTIVE (ISSUED),CANNABIS RETAILER,1410 40TH ST,,SEAVIEW,WA,98644,PACIFIC,3608758016,,,
427850,6041450900010003,MR. GREENS CANNABIS,,ACTIVE (ISSUED),CANNABIS RETAILER,15029 BOTHELL WAY NE STE 100,,LAKE FOREST PARK,WA,98155,KING,2069202178,,,
413930,6033593550010001,MUFFYS POT SHOP,,ACTIVE (ISSUED),CANNABIS RETAILER,3134 E HIGHWAY 101 SUITE A,,PORT ANGELES,WA,983629074,CLALLAM,3608082532,,,
423390,6034145890010003,NATURAL BLESSING CANNABIS,,ACTIVE (ISSUED),CANNABIS RETAILER,17024 PACIFIC AVE S STE B,STE B,SPANAWAY,WA,98387,PIERCE,2534333961,,,
421687,6035707080010001,NATURAL GREEN,,ACTIVE (ISSUED),CANNABIS RETAILER,51 MORGAN ST UNIT B,,DAVENPORT,WA,991220000,LINCOLN,2062269725,,,
414181,6033561890010004,NATURE'S GIFTS,,ACTIVE (ISSUED),CANNABIS RETAILER,822 W WASHINGTON ST,,SEQUIM,WA,98382,CLALLAM,3607971993,,,
415658,6031887750010002,NIMBIN FARM,,ACTIVE (ISSUED),CANNABIS RETAILER,10859 1ST AVE S STE A,,SEATTLE,WA,981681309,KING,2532617600,,,
424951,6033591910010007,NIRVANA CANNABIS COMPANY,,ACTIVE (ISSUED),CANNABIS RETAILER,4950 ARENA RD,,RICHLAND,WA,993527857,BENTON,5098082391,,,
427666,6033591910010008,NIRVANA CANNABIS COMPANY,,ACTIVE (ISSUED),CANNABIS RETAILER,24713 E WELLESLEY AVE,,OTIS ORCHARDS,WA,990279709,SPOKANE,5098082361,,,
434100,6033591910010009,NIRVANA CANNABIS COMPANY,,ACTIVE (ISSUED),CANNABIS RETAILER,181 ROCK ISLAND RD,,EAST WENATCHEE,WA,988025353,DOUGLAS,5098082361,,,
413407,6033496500010002,NORTH BAY MARIJUANA,,ACTIVE (ISSUED),CANNABIS RETAILER,211 E NORTH BAY RD,STE B,ALLYN,WA,98524,MASON,3608014269,,,
424599,6056674520010001,NORTHWEST CANNABIS,,ACTIVE (ISSUED),CANNABIS RETAILER,17905 STATE ROUTE 536,,MOUNT VERNON,WA,98273,SKAGIT,3608995234,,,
423492,6032284040010003,NORTHWEST CANNABIS CONNECTION,,ACTIVE (ISSUED),CANNABIS RETAILER,11522 CANYON RD E,,PUYALLUP,WA,98373,PIERCE,2532920444,,,
428760,6033510980010009,NXNW RETAIL LLC / CANNABIS AND GLASS,,ACTIVE (ISSUED),CANNABIS RETAILER,25101 E APPLEWAY AVE,,LIBERTY LAKE,WA,99019,SPOKANE,5099991112,,,
082587,6033510980010007,NXNW RETAIL LLC/CANNABIS & GLASS,,ACTIVE (ISSUED),CANNABIS RETAILER,9403 E TRENT AVE,,MILLWOOD,WA,99206,SPOKANE,5099991112,,,
428942,6033509090010003,OCEAN GREENS,,ACTIVE (ISSUED),CANNABIS RETAILER,10524 AURORA AVE N,,SEATTLE,WA,98133,KING,2062299893,,,
413551,6033332780010001,OLD TOBY,,ACTIVE (ISSUED),CANNABIS RETAILER,391 NW STATE AVE STE 1,,CHEHALIS,WA,98532,LEWIS,3604853255,,,
427769,6032767240010004,OLYMPIA WEED COMPANY,,ACTIVE (ISSUED),CANNABIS RETAILER,401 93RD AVE SE,,OLYMPIA,WA,985019701,THURSTON,3609156071,,,
422466,6048709290010001,ONE HIT WONDER CANNABIS,,ACTIVE (ISSUED),CANNABIS RETAILER,2427 W SIMS WAY STE F,,PORT TOWNSEND,WA,983682247,JEFFERSON,3603383818,,,
437783,6056631040010001,ONE HIT WONDER SILVERDALE,,ACTIVE (ISSUED),CANNABIS RETAILER,2600 NW RANDALL WAY STE 105,,SILVERDALE,WA,98383,KITSAP,4253067311,,,
420390,6033043440010001,ORCAS ISLAND CANNABIS,,ACTIVE (ISSUED),CANNABIS RETAILER,1533 MT BAKER RD,,EASTSOUND,WA,98245,SAN JUAN,3603175704,,,
083380,6044551770010001,ORCHARDS CANNABIS MARKET,,ACTIVE (ISSUED),CANNABIS RETAILER,11800 NE 65TH ST,,VANCOUVER,WA,98662,CLARK,3607987194,,,
425507,6035624390010008,ORIGINS,,ACTIVE (ISSUED),CANNABIS RETAILER,16390 CLEVELAND ST,,REDMOND,WA,980524314,KING,4252980170,,,
437401,6035624390010009,ORIGINS CANNABIS,,ACTIVE (ISSUED),CANNABIS RETAILER,4822 CALIFORNIA AVE SW STE A,,SEATTLE,WA,981164415,KING,2069223954,,,
414573,6034521320010001,OUNCE KING CANNABIS,,ACTIVE (ISSUED),CANNABIS RETAILER,11463 RAINIER AVE S STE A & C1,,SEATTLE,WA,981783963,KING,2062517358,,,
414812,6033507940010002,PAPER AND LEAF,,ACTIVE (ISSUED),CANNABIS RETAILER,8040 NE DAY RD W BLDG 3 STE 1,,BAINBRIDGE ISLAND,WA,98110,KITSAP,2067807814,,,
422951,6056620900010001,PAUMA ENTERPRISES INC,,ACTIVE (ISSUED),CANNABIS RETAILER,10825 MYERS WAY S STE 200,,SEATTLE,WA,98168,KING,4257736021,,,
433404,6035590780010003,PEND OREILLE CANNABIS CO.,,ACTIVE (ISSUED),CANNABIS RETAILER,601 HWY 20,,NEWPORT,WA,99156,PEND OREILLE,5099390086,,,
421616,6033562950010004,PIECE OF MIND CANNABIS,,ACTIVE (ISSUED),CANNABIS RETAILER,100 E MAPLE ST STE A,,BELLINGHAM,WA,98225,WHATCOM,2062291067,,,
417114,6034054510010001,POM CANNABIS PULLMAN,,ACTIVE (ISSUED),CANNABIS RETAILER,1330 SE BISHOP BLVD,,PULLMAN,WA,99163,WHITMAN,5099947051,,,
079013,6033255610010003,POT SHOP,,ACTIVE (ISSUED),CANNABIS RETAILER,1628 DEXTER AVE N STE A,,SEATTLE,WA,98109,KING,6145615684,,,
415229,6033538680010003,POT ZONE,,ACTIVE (ISSUED),CANNABIS RETAILER,1703 SE SEDGWICK RD,STE 113,PORT ORCHARD,WA,983669599,KITSAP,2533127280,,,
434030,6033538680010006,POT ZONE,,ACTIVE (ISSUED),CANNABIS RETAILER,814 72ND ST E,,TACOMA,WA,984041700,PIERCE,2532122884,,,
361259,6040588840010003,POT ZONE OF VANCOUVER,,ACTIVE (ISSUED),CANNABIS RETAILER,7701 NE HWY 99 STE B,,VANCOUVER,WA,98665,CLARK,5099795989,,,
414574,6033210770010002,PRC,,ACTIVE (ISSUED),CANNABIS RETAILER,18729 FIR ISLAND RD STE C,,MOUNT VERNON,WA,98273,SKAGIT,3604456221,,,
415198,6045868370010001,PRC,,ACTIVE (ISSUED),CANNABIS RETAILER,23221 EDMONDS WAY STE A,STE A,EDMONDS,WA,980260000,SNOHOMISH,4253432272,,,
421084,6033210770010003,PRC,,ACTIVE (ISSUED),CANNABIS RETAILER,5200 172ND ST NE F-101,,ARLINGTON,WA,98223,SNOHOMISH,3604456221,,,
415222,6055786890010001,PRC BOTHELL,,ACTIVE (ISSUED),CANNABIS RETAILER,212 W WINESAP RD STE 101,102,BOTHELL,WA,98012,SNOHOMISH,4253432272,,,
423885,6042703180010001,PRIMO CANNABIS,,ACTIVE (ISSUED),CANNABIS RETAILER,21630 E GILBERT AVE,,OTIS ORCHARDS,WA,99027,SPOKANE,5099279333,,,
440813,6059048930010001,PUFFWICK & BLUNT,,ACTIVE (ISSUED),CANNABIS RETAILER,11811 MUKILTEO SPEEDWAY STE 11,,MUKILTEO,WA,982045442,SNOHOMISH,2069157617,,,
423224,6033580640010004,RAINIER CANNABIS,,ACTIVE (ISSUED),CANNABIS RETAILER,22002 64TH AVE W STE 2A,SUITE 2A,MOUNTLAKE TERRACE,WA,980432547,SNOHOMISH,2062614999,,,
413886,6055787890010001,RED FOX CANNABIS,,ACTIVE (ISSUED),CANNABIS RETAILER,4220 MERIDIAN ST STE 102,,BELLINGHAM,WA,98226,WHATCOM,3605436000,,,
414460,6040127720010001,ROSLYN HERBS,,ACTIVE (ISSUED),CANNABIS RETAILER,600 S FIRST STREET,,ROSLYN,WA,98941,KITTITAS,2067933711,,,
413692,6034174700010001,RUCKUS,,ACTIVE (ISSUED),CANNABIS RETAILER,1465 E REPUBLICAN ST,,SEATTLE,WA,98112,KING,2063630930,,,
414088,6042912990010003,RUCKUS RECREATIONAL CANNABIS,,ACTIVE (ISSUED),CANNABIS RETAILER,316 N 36TH ST,,SEATTLE,WA,98103,KING,2063630930,,,
426888,6033581250010003,SAGE SHOP,,ACTIVE (ISSUED),CANNABIS RETAILER,309 N MAIN ST,,OMAK,WA,988419745,OKANOGAN,5093225286,,,
414520,6055504320010001,SAMUEL ENTERPRISES LLC,,ACTIVE (ISSUED),CANNABIS RETAILER,6309 EVERGREEN WAY STE C,,EVERETT,WA,98203,SNOHOMISH,2068831955,,,
422701,6056355890010001,SAPPHIRE CANNABIS,,ACTIVE (ISSUED),CANNABIS RETAILER,209 E 4TH ST STE B,,SPRAGUE,WA,99032,LINCOLN,5092572548,,,
430798,6055758190010001,SASHA'S CANNABIS,,ACTIVE (ISSUED),CANNABIS RETAILER,931 E JOHNS PRAIRIE RD,,SHELTON,WA,98584,MASON,4044063054,,,
413739,6033538100010002,SATIVA SISTERS,,ACTIVE (ISSUED),CANNABIS RETAILER,10525 E TRENT AVE STE 1,,SPOKANE,WA,992064516,SPOKANE,2086603909,,,
422764,6035891840010001,SATIVA SISTERS II,,ACTIVE (ISSUED),CANNABIS RETAILER,712 5TH ST,,CLARKSTON,WA,994032632,ASOTIN,2062350635,,,
428107,6035850260010002,SAVAGE THC,,ACTIVE (ISSUED),CANNABIS RETAILER,4426 WILLIAMS VALLEY RD STE B,,CLAYTON,WA,991109745,STEVENS,5099992989,,,
432024,6044693650010002,SEA CHANGE CANNABIS,,ACTIVE (ISSUED),CANNABIS RETAILER,11323 RHODY DR,,PORT HADLOCK,WA,98339,JEFFERSON,3603851320,,,
426199,6033364470010003,SEATTLE CANNABIS CO.,,ACTIVE (ISSUED),CANNABIS RETAILER,7262 RAINIER AVE S STE B,,SEATTLE,WA,98118,KING,2064201042,,,
414731,6033584890010002,SEATTLE TONICS,,ACTIVE (ISSUED),CANNABIS RETAILER,12059 AURORA AVE N,,SEATTLE,WA,981338249,KING,2063636000,,,
413994,6056233230010001,SECRET HERB SHOP,,ACTIVE (ISSUED),CANNABIS RETAILER,2 COLUMBIA DR,STE A,KETTLE FALLS,WA,991419414,FERRY,5096907079,,,
429502,6042287520010002,SHAWN KEMP'S CANNABIS,,ACTIVE (ISSUED),CANNABIS RETAILER,3035 1ST AVE STE B,,SEATTLE,WA,981211010,KING,2063450009,,,
434189,6049121510010001,SHAWN KEMP'S CANNABIS SODO,,ACTIVE (ISSUED),CANNABIS RETAILER,2764 1ST AVE S STE 100,,SEATTLE,WA,98134,KING,3607181273,,,
415183,6051527880010001,SHELTON CANNABIS CO,,ACTIVE (ISSUED),CANNABIS RETAILER,1428 OLYMPIC HWY S UNIT 1,,SHELTON,WA,985843266,MASON,4044063054,,,
414508,6034102670010003,SLOW BURN,,ACTIVE (ISSUED),CANNABIS RETAILER,1300 N 40TH ST STE 111,,YAKIMA,WA,98908,YAKIMA,5099610810,,,
425362,6033547170010004,SMOKANE,,ACTIVE (ISSUED),CANNABIS RETAILER,3801 E SPRAGUE AVE,,SPOKANE,WA,992020000,SPOKANE,2069100199,,,
437560,6040518810010002,SMOKING CROW,,ACTIVE (ISSUED),CANNABIS RETAILER,2010 MOORE ST,SMP - 2,BELLINGHAM,WA,98229,WHATCOM,3609220709,,,
413762,6033558930010001,SMUGGLER BROTHERS,,ACTIVE (ISSUED),CANNABIS RETAILER,1912 STATE ROUTE 20,,SEDRO WOOLLEY,WA,982840000,SKAGIT,3606473437,,,
431271,6057620320010001,SOLSTER VENTURES LLC,,ACTIVE (ISSUED),CANNABIS RETAILER,11400 MUKILTEO SPEEDWAY #102,,MUKILTEO,WA,98275,SNOHOMISH,2069308577,,,
086823,6033568390010006,SPARKET,,ACTIVE (ISSUED),CANNABIS RETAILER,1215 E FRONT ST,,PORT ANGELES,WA,983624309,CLALLAM,3604604902,,,
422146,6033507120010003,SPOKANE GREEN LEAF,,ACTIVE (ISSUED),CANNABIS RETAILER,9107 N COUNTRY HOMES BLVD #13,STE 13,SPOKANE,WA,99218,SPOKANE,5099193467,,,
436867,6050144320010002,STAR BUDS,,ACTIVE (ISSUED),CANNABIS RETAILER,522 QUEEN ANNE AVE N,,SEATTLE,WA,98109,KING,4257376969,,,
422010,6053978180010002,STAR OUTLET,,ACTIVE (ISSUED),CANNABIS RETAILER,7157 GUIDE MERIDIAN RD #3,#3,LYNDEN,WA,982649213,WHATCOM,3608686493,,,
429453,6040339750010002,STARBUDS,,ACTIVE (ISSUED),CANNABIS RETAILER,145 SAMISH WAY,,BELLINGHAM,WA,98225,WHATCOM,2062255555,,,
421326,6033444280010004,STICKY'S,,ACTIVE (ISSUED),CANNABIS RETAILER,9411 NE HIGHWAY 99 STE 4,,VANCOUVER,WA,98665,CLARK,5099521602,,,
434220,6046321110010002,SUNLEAF CANNABIS,,ACTIVE (ISSUED),CANNABIS RETAILER,16300 MOTOR PL STE 201A,,LYNNWOOD,WA,98087,SNOHOMISH,7133677877,,,
426677,6042530810010001,Sunsets Cannabis,,ACTIVE (ISSUED),CANNABIS RETAILER,1065 SE STATE ROUTE 3,,SHELTON,WA,98584,MASON,4044063054,,,
423829,6033504570010004,SWEET JANE,,ACTIVE (ISSUED),CANNABIS RETAILER,9705 STATE ROUTE 302 NW # B,,GIG HARBOR,WA,98329,PIERCE,2532457831,,,
415523,6033591150010002,SWEET LEAF CANNABIS CO,,ACTIVE (ISSUED),CANNABIS RETAILER,100 OLD HILL RD,,ABERDEEN,WA,985207300,GRAYS HARBOR,3605325758,,,
413385,6035798560010003,SWEET RELEAF,,ACTIVE (ISSUED),CANNABIS RETAILER,14637 STATE ROUTE 20,,MOUNT VERNON,WA,982737276,SKAGIT,2069621025,,,
414002,6034682750010001,T BROTHERS BUD LODGE,,ACTIVE (ISSUED),CANNABIS RETAILER,5740 RUDDELL RD SE STE C,,LACEY,WA,985030000,THURSTON,3607917139,,,
415484,6043704230010002,TENINO CANNABIS BOUTIQUE,,ACTIVE (ISSUED),CANNABIS RETAILER,449 WICHMAN ST S STE A,,TENINO,WA,985899376,THURSTON,6468751439,,,
426632,6041342990010002,TERP CANNABIS,,ACTIVE (ISSUED),CANNABIS RETAILER,6063B HIGHWAY 291,,NINE MILE FALLS,WA,99026,STEVENS,5097106899,,,
421069,6043505340010001,THC OF OLYMPIA,,ACTIVE (ISSUED),CANNABIS RETAILER,3203 MARTIN WAY E STE D,,OLYMPIA,WA,98506,THURSTON,3605281719,,,
413426,6034131030010002,THE BAKE SHOP,,ACTIVE (ISSUED),CANNABIS RETAILER,19705 N GRIFFIN RD,,PROSSER,WA,993507282,BENTON,5097782512,,,
413596,6043105400010001,THE BAKE SHOP,,ACTIVE (ISSUED),CANNABIS RETAILER,4007 MAIN ST,,UNION GAP,WA,98903,YAKIMA,5093149941,,,
424877,6044903740010002,THE BAKE SHOP,,ACTIVE (ISSUED),CANNABIS RETAILER,216 ROYAL ANNE DR SW,,GEORGE,WA,988486000,GRANT,5093795662,,,
421261,6035582520010001,THE BAKEREE,,ACTIVE (ISSUED),CANNABIS RETAILER,74 S LUCILE ST  STE 102,STE 102,SEATTLE,WA,98134,KING,2066590574,,,
433373,6036161120010006,THE BAKEREE,,ACTIVE (ISSUED),CANNABIS RETAILER,222 WALL ST,,SEATTLE,WA,98121,KING,2064014656,,,
400772,6035877310010001,THE FIRE HOUSE,,ACTIVE (ISSUED),CANNABIS RETAILER,1714 CANYON RD,,ELLENSBURG,WA,989269739,KITTITAS,3607910112,,,
436145,6033367320010008,THE GALLERY - GIG HARBOR,,ACTIVE (ISSUED),CANNABIS RETAILER,14122 92ND AVE NW STE 2,,GIG HARBOR,WA,98329,PIERCE,2536044360,,,
413813,6033367320010006,THE GALLERY CANYON,,ACTIVE (ISSUED),CANNABIS RETAILER,11821 CANYON RD E,,PUYALLUP,WA,98373,PIERCE,2536044360,,,
413812,6033367320010007,THE GALLERY FIFE,,ACTIVE (ISSUED),CANNABIS RETAILER,5303 PACIFIC HWY E,,FIFE,WA,98424,PIERCE,2536044360,,,
413258,6033367320010001,THE GALLERY PARKLAND,,ACTIVE (ISSUED),CANNABIS RETAILER,13005 PACIFIC AVE S,,TACOMA,WA,98444,PIERCE,2536044360,,,
413420,6033367320010002,THE GALLERY SPANAWAY,,ACTIVE (ISSUED),CANNABIS RETAILER,21802 MOUNTAIN HWY E  STE 1,,SPANAWAY,WA,98387,PIERCE,2536044360,,,
434938,6034196260010002,THE GREEN DOOR,,ACTIVE (ISSUED),CANNABIS RETAILER,27815 STATE ROUTE 410 E,,BUCKLEY,WA,98321,PIERCE,2532248299,,,
414425,6031793430010003,THE GREEN DOOR SEATTLE,,ACTIVE (ISSUED),CANNABIS RETAILER,828 RAINIER AVE S,,SEATTLE,WA,981442838,KING,2065510403,,,
414995,6048436570010001,THE GREEN NUGGET,,ACTIVE (ISSUED),CANNABIS RETAILER,1340 SE BISHOP BLVD STE A,,PULLMAN,WA,991636409,WHITMAN,5098280213,,,
420497,6048436570010002,The Green Nugget,,ACTIVE (ISSUED),CANNABIS RETAILER,11414 N NEWPORT HWY,,SPOKANE,WA,99218,SPOKANE,5098280213,,,
427121,6033490250010008,THE GREEN NUGGET,,ACTIVE (ISSUED),CANNABIS RETAILER,322 E FRANCIS AVE STE A,,SPOKANE,WA,992081086,SPOKANE,5093092130,,,
086054,6033463060010002,THE GREEN SEED,,ACTIVE (ISSUED),CANNABIS RETAILER,412 S INTERLAKE RD,,MOSES LAKE,WA,988372908,GRANT,5098552271,,,
414958,6033586820010001,THE GREEN SHELF,,ACTIVE (ISSUED),CANNABIS RETAILER,400 S. MAIN STREET,UNIT #1,ELLENSBURG,WA,989263689,KITTITAS,2065560305,,,
430622,6033583120010013,THE GREENHOUSE,,ACTIVE (ISSUED),CANNABIS RETAILER,355 RAINIER AVE N UNIT D,,RENTON,WA,980575321,KING,7328016300,,,
413481,6033395640010004,THE HAPPY CROP SHOPPE,,ACTIVE (ISSUED),CANNABIS RETAILER,50 ROCK ISLAND RD,,EAST WENATCHEE,WA,98802,DOUGLAS,5098882454,,,
413600,6033395640010003,THE HAPPY CROP SHOPPE,,ACTIVE (ISSUED),CANNABIS RETAILER,5736 VALE RD,,CASHMERE,WA,98815,CHELAN,5098882454,,,
420934,6034229530010001,THE HAPPY CROP SHOPPE,,ACTIVE (ISSUED),CANNABIS RETAILER,1210 N WENATCHEE AVE STE J,SMP - 2,WENATCHEE,WA,98801,CHELAN,5096696835,,,
423634,6033260490010004,THE HERBAL GARDENS,,ACTIVE (ISSUED),CANNABIS RETAILER,4803 CENTER STREET STE A,,TACOMA,WA,98409,PIERCE,2532725265,,,
071368,6033550310010004,THE HERBERY,,ACTIVE (ISSUED),CANNABIS RETAILER,330 NE CHKALOV DR STE C & D,STE C & D,VANCOUVER,WA,98684,CLARK,3608417504,,,
414761,6033550310010008,THE HERBERY,,ACTIVE (ISSUED),CANNABIS RETAILER,2815 ST. JOHNS ROAD   STE B,,VANCOUVER,WA,98661,CLARK,3608417504,,,
426563,6033550310010005,THE HERBERY,,ACTIVE (ISSUED),CANNABIS RETAILER,6018 NE ST JOHNS RD STE D,SMP - 2,VANCOUVER,WA,98661,CLARK,3608417504,,,
428826,6033550310010006,THE HERBERY,,ACTIVE (ISSUED),CANNABIS RETAILER,1401 NE 78TH ST,,VANCOUVER,WA,98665,CLARK,3608417504,,,
430925,6033550310010007,THE HERBERY,,ACTIVE (ISSUED),CANNABIS RETAILER,12001 NE FOURTH PLAIN BLVD,,VANCOUVER,WA,98682,CLARK,3608417504,,,
412921,6033511330010001,THE HIDDEN BUSH,,ACTIVE (ISSUED),CANNABIS RETAILER,3230 E HWY 101,,PORT ANGELES,WA,983629073,CLALLAM,3604529395,,,
414893,6033488710010011,THE JOINT,,ACTIVE (ISSUED),CANNABIS RETAILER,9506 19TH AVE SE STE 100,,EVERETT,WA,982083801,SNOHOMISH,4254710283,,,
420389,6033025530010006,THE JOINT,,ACTIVE (ISSUED),CANNABIS RETAILER,14325 1ST AVE S STE 101,,BURIEN,WA,98168,KING,2062255555,,,
421804,6035602530010008,THE JOINT,,ACTIVE (ISSUED),CANNABIS RETAILER,4336 ROOSEVELT WAY NE STE C,,SEATTLE,WA,98105,KING,2062833333,,,
434494,6033488710010014,THE JOINT,,ACTIVE (ISSUED),CANNABIS RETAILER,7233 SOUTH TACOMA WAY,,TACOMA,WA,984093933,PIERCE,4254710283,,,
361676,6033594910010005,THE KUSHERY,,ACTIVE (ISSUED),CANNABIS RETAILER,16412 TROMBLEY RD,,SNOHOMISH,WA,98290,SNOHOMISH,2062715468,,,
415507,6033594840010002,THE KUSHERY,,ACTIVE (ISSUED),CANNABIS RETAILER,5626 134TH PL SE STE B,,EVERETT,WA,98208,SNOHOMISH,4256337515,,,
415513,6035088960010001,THE KUSHERY,,ACTIVE (ISSUED),CANNABIS RETAILER,19258 15TH AVE NE STE B,,LAKE FOREST PARK,WA,981552315,KING,4252098924,,,
420645,6033594880010006,THE KUSHERY,,ACTIVE (ISSUED),CANNABIS RETAILER,27206 88TH AVE NW,,STANWOOD,WA,98292,SNOHOMISH,4256337515,,,
430774,6035684720010003,THE KUSHERY,,ACTIVE (ISSUED),CANNABIS RETAILER,4808 EVERGREEN WAY,SMP - 1,EVERETT,WA,98203,SNOHOMISH,4252597958,,,
437800,6033594830010005,THE KUSHERY,,ACTIVE (ISSUED),CANNABIS RETAILER,8526 164TH ST SE,,SNOHOMISH,WA,98296,SNOHOMISH,3608633256,,,
422632,6035889360010004,THE LINK,,ACTIVE (ISSUED),CANNABIS RETAILER,2211 46TH AVE,,LONGVIEW,WA,986325013,COWLITZ,2062000462,,,
435362,6035727170010003,THE LUCKY LEAF,,ACTIVE (ISSUED),CANNABIS RETAILER,3501 RD 68 STE 104,,PASCO,WA,993011973,FRANKLIN,5096194887,,,
415216,6034419620010001,THE MARIJUANA MERCANTILE,,ACTIVE (ISSUED),CANNABIS RETAILER,8411 SR 92 STE 5,,GRANITE FALLS,WA,98252,SNOHOMISH,3603227122,,,
414983,6033520850010002,THE NOVEL TREE,,ACTIVE (ISSUED),CANNABIS RETAILER,1817 130TH AVE NE SUITE B,,BELLEVUE,WA,98005,KING,3609301700,,,
434843,6046417090010002,THE NOVEL TREE,,ACTIVE (ISSUED),CANNABIS RETAILER,3720 KITSAP WAY STE AA,,BREMERTON,WA,98312,KITSAP,3606162014,,,
434994,6032012110010004,THE PACIFIC OUTPOST,,ACTIVE (ISSUED),CANNABIS RETAILER,3221 W COURT S,,PASCO,WA,99301,FRANKLIN,8018422416,,,
413870,6033559500010002,THE REEF,,ACTIVE (ISSUED),CANNABIS RETAILER,1107 N CALLOW AVE STE C,,BREMERTON,WA,98312,KITSAP,2066866362,,,
426562,6041066530010002,THE REEF,,ACTIVE (ISSUED),CANNABIS RETAILER,1525 E OLIVE WAY STE B,,SEATTLE,WA,98122,KING,2067556345,,,
432849,6044521810010002,THE REEF,,ACTIVE (ISSUED),CANNABIS RETAILER,303 S MICHIGAN ST,,SEATTLE,WA,98108,KING,2067556345,,,
415343,6033551240010001,THE ROOT CELLAR,,ACTIVE (ISSUED),CANNABIS RETAILER,23632 NE STATE ROUTE 3,,BELFAIR,WA,985288309,MASON,3604348767,,,
430775,6033581250010005,"THE SAGE SHOP, LLC",,ACTIVE (ISSUED),CANNABIS RETAILER,33607 US HIGHWAY 97 STE B,,OROVILLE,WA,988449525,OKANOGAN,4252238435,,,
413773,6034102670010001,THE SLOW BURN,,ACTIVE (ISSUED),CANNABIS RETAILER,4101 MAIN STREET,,UNION GAP,WA,98903,YAKIMA,5099610810,,,
414470,6034102670010002,THE SLOW BURN,,ACTIVE (ISSUED),CANNABIS RETAILER,1151 MARKET ST,,UNION GAP,WA,98903,YAKIMA,5099610810,,,
415185,6034102670010005,THE SLOW BURN,,ACTIVE (ISSUED),CANNABIS RETAILER,304 W SEATTLE AVE STE F,,MOXEE,WA,98936,YAKIMA,5099610810,,,
412494,6033500580010001,THE STASH BOX,,ACTIVE (ISSUED),CANNABIS RETAILER,3108 A ST SE STE F & G,,AUBURN,WA,980028811,KING,2537970959,,,
422944,6047020050010001,THE STATION NW LL/TRADE- THE STATION,,ACTIVE (ISSUED),CANNABIS RETAILER,1514 W UNIVERSITY WAY,,ELLENSBURG,WA,989262337,KITTITAS,3607910112,,,
414716,6042761450010001,THE TOP SHELF,,ACTIVE (ISSUED),CANNABIS RETAILER,1305 S HAYFORD RD STE A,,AIRWAY HEIGHTS,WA,99224,SPOKANE,5094741050,,,
413570,6047312080010001,THE VAULT,,ACTIVE (ISSUED),CANNABIS RETAILER,11013 LAKE CITY WAY NE,,SEATTLE,WA,981250000,KING,4252488559,,,
426050,6034686340010003,THE VAULT,,ACTIVE (ISSUED),CANNABIS RETAILER,2720 E 29TH AVE,,SPOKANE,WA,992234808,SPOKANE,4252488559,,,
088920,6033553980010005,THE VAULT CANNABIS,,ACTIVE (ISSUED),CANNABIS RETAILER,1323 E PIONEER HWY,,STANWOOD,WA,98292,SNOHOMISH,4252488559,,,
414829,6035990340010001,THE VAULT CANNABIS,,ACTIVE (ISSUED),CANNABIS RETAILER,9626 32ND ST SE,,LAKE STEVENS,WA,982050000,SNOHOMISH,4252488559,,,
421918,6033530980010007,THE WORLD FAMOUS CANNABIS STORE,,ACTIVE (ISSUED),CANNABIS RETAILER,8962 BEAVER VALLEY RD,,CHIMACUM,WA,98325,JEFFERSON,3607316611,,,
433824,6047857580010002,THEOREM CANNABIS,,ACTIVE (ISSUED),CANNABIS RETAILER,6251 NE BOTHELL WAY STE 100,,KENMORE,WA,98028,KING,4254066797,,,
433175,6035502430010002,"TJ'S CANNABIS BUDS, EDIBLES, OILS & MORE",,ACTIVE (ISSUED),CANNABIS RETAILER,3005 NORTHVIEW CIR UNIT 1,,SHELTON,WA,98584,MASON,3604272990,,,
417486,6034472620010002,TOKER FRIENDLY,,ACTIVE (ISSUED),CANNABIS RETAILER,1515 S LYONS RD  STE B,STE B,AIRWAY HEIGHTS,WA,99001,SPOKANE,5092448728,,,
413782,6043160690010002,TOP SHELF 420,,ACTIVE (ISSUED),CANNABIS RETAILER,3015 PACIFIC AVE SE,,OLYMPIA,WA,98501,THURSTON,2534057153,,,
413369,6034203350010001,TREEHOUSE CLUB,,ACTIVE (ISSUED),CANNABIS RETAILER,14421 E TRENT AVE,SMP - 1,SPOKANE VALLEY,WA,99216,SPOKANE,5094132169,,,
413529,6033550270010001,TRIPPY HIPPIE CANNABIS CO.,,ACTIVE (ISSUED),CANNABIS RETAILER,794 KENTUCKY ST,,BELLINGHAM,WA,982250000,WHATCOM,2088192110,,,
414871,6033568870010002,TROVE MEDICAL AND RECREATIONAL,,ACTIVE (ISSUED),CANNABIS RETAILER,218 N SAMISH WAY STE 103,,BELLINGHAM,WA,982256031,WHATCOM,3603933459,,,
407950,6035599710010003,TRU GREENTHUMB,,ACTIVE (ISSUED),CANNABIS RETAILER,1254 MT SAINT HELENS WAY NE #C,STE C,CASTLE ROCK,WA,98611,COWLITZ,3608134545,,,
415045,6033578790010001,UNCLE ANDO'S WURLD OF WEED,,ACTIVE (ISSUED),CANNABIS RETAILER,1905 JOHNSON RD STE A,,CENTRALIA,WA,98531,LEWIS,3602813921,,,
413996,6045980960010003,UNCLE IKE'S,,ACTIVE (ISSUED),CANNABIS RETAILER,1411 E OLIVE WAY,,SEATTLE,WA,981222127,KING,2063300498,,,
414533,6045980960010001,UNCLE IKE'S,,ACTIVE (ISSUED),CANNABIS RETAILER,2310 EAST UNION ST,,SEATTLE,WA,981222966,KING,2064203784,,,
421141,6045980960010002,UNCLE IKE'S,,ACTIVE (ISSUED),CANNABIS RETAILER,501 15TH AVE E,,SEATTLE,WA,981120000,KING,2064203784,,,
421514,6045980960010005,UNCLE IKE'S,,ACTIVE (ISSUED),CANNABIS RETAILER,9822 15TH AVE SW,,SEATTLE,WA,981062850,KING,2064203784,,,
433474,6045980960010006,UNCLE IKE'S,,ACTIVE (ISSUED),CANNABIS RETAILER,11306 LAKE CITY WAY NE,,SEATTLE,WA,981255306,KING,2068515555,,,
431706,6053197780010001,UNCLE WILLIE'S CANNABIS,,ACTIVE (ISSUED),CANNABIS RETAILER,508 ALLEN ST UNIT A,,KELSO,WA,98626,COWLITZ,6232382028,,,
414454,6043539840010002,VASHON TIMES,,ACTIVE (ISSUED),CANNABIS RETAILER,19001 VASHON HIGHWAY SOUTHWEST,,VASHON ISLAND,WA,980705214,KING,2069308577,,,
434798,6046557890010003,VIBE CANNABIS CO.,,ACTIVE (ISSUED),CANNABIS RETAILER,406 OAK ST,,KELSO,WA,98626,COWLITZ,5093938023,,,
415445,6033597170010003,W.C.W. ENTERPRISES,,ACTIVE (ISSUED),CANNABIS RETAILER,3708 MT BAKER HWY,,EVERSON,WA,982470000,WHATCOM,2063557279,,,
415641,6033593720010003,WALLA WALLA CANNABIS COMPANY,,ACTIVE (ISSUED),CANNABIS RETAILER,927 W MAIN ST,,WALLA WALLA,WA,993622746,WALLA WALLA,5098764946,,,
434392,6033374760010004,WALLA WALLA WEEDERY,,ACTIVE (ISSUED),CANNABIS RETAILER,1603 E ISAACS AVE,,WALLA WALLA,WA,99362,WALLA WALLA,5098764279,,,
421707,6040313940010001,WESTERN BUD,,ACTIVE (ISSUED),CANNABIS RETAILER,1401 IOWA ST,,BELLINGHAM,WA,98229,WHATCOM,2063624444,,,
422037,6040551410010001,WESTERN BUD,,ACTIVE (ISSUED),CANNABIS RETAILER,20291 SR 20 UNIT 2,,BURLINGTON,WA,94140,SKAGIT,2063624444,,,
426849,6040676660010002,WESTERN BUD,,ACTIVE (ISSUED),CANNABIS RETAILER,6186 STATE ROUTE 20 STE B,,ANACORTES,WA,98221,SKAGIT,2063624444,,,
412466,6030740190010003,WESTSIDE420 RECREATIONAL,,ACTIVE (ISSUED),CANNABIS RETAILER,4503 OCEAN BEACH HWY STE 103,,LONGVIEW,WA,98632,COWLITZ,3604235261,,,
423993,6048648240010001,WHIDBEY RETAIL GROUP,,ACTIVE (ISSUED),CANNABIS RETAILER,1860 SCOTT RD,,FREELAND,WA,982499430,ISLAND,3603216151,,,
414398,6033537490010003,WHITE RABBIT RETAIL,,ACTIVE (ISSUED),CANNABIS RETAILER,15928 HWY 99,,LYNNWOOD,WA,980871522,SNOHOMISH,4257454242,,,
441470,6059199680010001,WONDER WEED,,ACTIVE (ISSUED),CANNABIS RETAILER,7115 N DIVISION ST STE A,,SPOKANE,WA,99208,SPOKANE,4065465411,,,
414449,6034023650010001,WORLD OF WEED,,ACTIVE (ISSUED),CANNABIS RETAILER,3202 E PORTLAND AVE,SMP - 2,TACOMA,WA,98404,PIERCE,2532729333,,,
353928,6041620560010001,YAKIMA WEED CO,,ACTIVE (ISSUED),CANNABIS RETAILER,1606 FRUITVALE BLVD,,YAKIMA,WA,98902,YAKIMA,2066826644,,,
422361,6033568920010008,YAKIMA WEED CO,,ACTIVE (ISSUED),CANNABIS RETAILER,513 MAIN ST SW STE B,,MATTAWA,WA,99349,GRANT,4257530673,,,
430876,6044186140010002,YAKIMA WEED CO,,ACTIVE (ISSUED),CANNABIS RETAILER,1209 E WASHINGTON AVE,,UNION GAP,WA,98903,YAKIMA,2068182083,,,
415488,6033534440010001,ZIA RECREATIONAL,,ACTIVE (ISSUED),CANNABIS RETAILER,905 SIMPSON AVENUE,,HOQUIAM,WA,985503020,GRAYS HARBOR,5057128255,,,
084154,6043267590010001,ZIPS CANNABIS,,ACTIVE (ISSUED),CANNABIS RETAILER,3213 S 38TH ST STE C,,TACOMA,WA,984095617,PIERCE,2532920197,,,
358302,6033850920010002,ZIPS CANNABIS,,ACTIVE (ISSUED),CANNABIS RETAILER,2611 PACIFIC AVE,,TACOMA,WA,984022804,PIERCE,2534050253,,,
362816,6043897800010002,ZIPS CANNABIS,,ACTIVE (ISSUED),CANNABIS RETAILER,5924 6TH AVE,,TACOMA,WA,984062016,PIERCE,2534050253,,,
437888,6033480390010003,ZIPS CANNABIS,,ACTIVE (ISSUED),CANNABIS RETAILER,10310 SUNRISE BLVD E,,PUYALLUP,WA,98374,PIERCE,5099903124,,,
