id,licenseNumber,licenseStatus,licenseTerm,licenseType,licenseDesignation,issueDate,expirationDate,licenseStatusDate,businessLegalName,businessDbaName,businessOwnerName,businessStructure,activity,premiseStreetAddress,premiseCity,premiseState,premiseCounty,premiseZipCode,businessEmail,businessPhone,parcelNumber,PremiseLatitude,PremiseLongitude
6329,CEO14-0000001-LIC,Expired,Annual,Commercial -  Event Organizer,Data Not Available,05/01/2018 00:00:00,05/01/2019 00:00:00,,Local Expo Services Inc.,Local Sesh,Devin Weller,Corporation,Data Not Available,Not Published,Data Not Available,Data Not Available,Data Not Available,Data Not Available,Info@localsesh.Com,(619) 241-0006,Data Not Available,,
2825,CEO14-0000002-LIC,Active,Annual,Commercial -  Event Organizer,Data Not Available,02/19/2019 00:00:00,02/19/2027 00:00:00,,Cltv8 LLC,Data Not Available,"Aaron  Levant, Daniel Diamantstein",Limited Liability Company,Data Not Available,Not Published,Data Not Available,Data Not Available,Data Not Available,Data Not Available,Info@hallofflowers.Com,(323) 539-8393,Data Not Available,,
2826,CEO14-0000003-LIC,Expired,Annual,Commercial -  Event Organizer,Data Not Available,02/22/2019 00:00:00,02/22/2020 00:00:00,,Mikel Alvarez,Data Not Available,Mikel Alvarez,Sole Proprietorship,Data Not Available,Not Published,Data Not Available,Data Not Available,Data Not Available,Data Not Available,Mikel@cabazon.Net,(702) 985-7097,Data Not Available,,
2827,CEO14-0000004-LIC,Expired,Annual,Commercial -  Event Organizer,Data Not Available,03/04/2019 00:00:00,03/03/2025 00:00:00,,Hc Mega Corp,Mega Show,Edwin Kwong,Corporation,Data Not Available,Not Published,Data Not Available,Data Not Available,Data Not Available,Data Not Available,Megaedwin28@gmail.Com,(626) 961-6522,Data Not Available,,
2828,CEO14-0000005-LIC,Active,Annual,Commercial -  Event Organizer,Data Not Available,05/11/2018 00:00:00,05/11/2026 00:00:00,,"Vaportent Lounges, LLC",Data Not Available,Fernando Alvarez,Limited Liability Company,Data Not Available,Not Published,Data Not Available,Data Not Available,Data Not Available,Data Not Available,Fernando@vaportent.Com,(408) 569-9052,Data Not Available,,
2829,CEO14-0000006-LIC,Expired,Annual,Commercial -  Event Organizer,Data Not Available,07/17/2018 00:00:00,07/17/2020 00:00:00,,"Regulated Solutions, LLC",Data Not Available,Frederic DeHon,Data Not Available,Data Not Available,Not Published,Data Not Available,Data Not Available,Data Not Available,Data Not Available,Ted@regulatedsolutions.Com,(561) 624-2001,Data Not Available,,
2830,CEO14-0000007-LIC,Expired,Annual,Commercial -  Event Organizer,Data Not Available,04/04/2019 00:00:00,04/03/2020 00:00:00,,Sounds Bazaar LLC,Data Not Available,"Alexis Aquino, Anna Belda",Limited Liability Company,Data Not Available,Not Published,Data Not Available,Data Not Available,Data Not Available,Data Not Available,Soundsbazaarsf@gmail.Com,(916) 467-4849,Data Not Available,,
2831,CEO14-0000008-LIC,Expired,Annual,Commercial -  Event Organizer,Data Not Available,09/07/2018 00:00:00,09/07/2023 00:00:00,,"Dar Vida, Inc",Data Not Available,Dan Perez,Corporation,Data Not Available,Not Published,Data Not Available,Data Not Available,Data Not Available,Data Not Available,Dperezgis@yahoo.Com,(562) 801-3125,Data Not Available,,
2832,CEO14-0000009-LIC,Expired,Annual,Commercial -  Event Organizer,Data Not Available,10/23/2018 00:00:00,10/23/2020 00:00:00,,"The Honey Flower Collective, Inc.",Data Not Available,Joshua Caruso,Corporation,Data Not Available,Not Published,Data Not Available,Data Not Available,Data Not Available,Data Not Available,Thehoneyflowercollective@gmail.Com,(858) 267-7283,Data Not Available,,
2833,CEO14-0000010-LIC,Expired,Annual,Commercial -  Event Organizer,Data Not Available,11/16/2018 00:00:00,11/16/2024 00:00:00,,Haboob Inc.,Haboob media,Randy Gourial,Corporation,Data Not Available,Not Published,Data Not Available,Data Not Available,Data Not Available,Data Not Available,Haboobmedia@gmail.Com,(619) 201-6333,Data Not Available,,
2834,CEO14-0000011-LIC,Expired,Provisional,Commercial -  Event Organizer,Data Not Available,05/02/2019 00:00:00,05/01/2020 00:00:00,,"High Times Productions, Inc.",Data Not Available,"Adam Levin, Colin Conway, David Newberg",Corporation,Data Not Available,Not Published,Data Not Available,Data Not Available,Data Not Available,Data Not Available,Info@hightimes.Com,(844) 933-3287,Data Not Available,,
2835,CEO14-0000012-LIC,Expired,Provisional,Commercial -  Event Organizer,Data Not Available,01/22/2020 00:00:00,01/21/2021 00:00:00,,"Bob Barsotti, LLC.",Long Valley Events,"Bob Barsotti, Susan Barsotti",Limited Liability Company,Data Not Available,Not Published,Data Not Available,Data Not Available,Data Not Available,Data Not Available,Barsotti@mcn.Org,(707) 272-3796,Data Not Available,,
2836,CEO14-0000013-LIC,Expired,Provisional,Commercial -  Event Organizer,Data Not Available,02/07/2020 00:00:00,02/06/2021 00:00:00,,Natural Healing Center,Data Not Available,Helios Dayspring,Limited Liability Company,Data Not Available,Not Published,Data Not Available,Data Not Available,Data Not Available,Data Not Available,Nick@nhccalifornia.Com,(401) 714-8032,Data Not Available,,
2837,CEO14-0000014-LIC,Expired,Annual,Commercial -  Event Organizer,Data Not Available,05/17/2019 00:00:00,05/16/2020 00:00:00,,Vin And Verde,Tso Sonoma,"Allison Kosta, Devika Maskey",Limited Liability Company,Data Not Available,Not Published,Data Not Available,Data Not Available,Data Not Available,Data Not Available,Alli@tsosonoma.Com,(707) 799-6996,Data Not Available,,
2838,CEO14-0000015-LIC,Expired,Annual,Commercial -  Event Organizer,Data Not Available,02/19/2020 00:00:00,02/18/2023 00:00:00,,"Resonate Blends, LLC","Resonate Blends, LLC","David Theilen, Geoffrey Selzer, Pamela Kerwin",Limited Liability Partnership,Data Not Available,Not Published,Data Not Available,Data Not Available,Data Not Available,Data Not Available,Pam@resonateblends.Com,(415) 309-3568,Data Not Available,,
2839,CEO14-0000016-LIC,Expired,Provisional,Commercial -  Event Organizer,Data Not Available,02/27/2020 00:00:00,02/26/2024 00:00:00,,Blap Productions LLC,Data Not Available,"Andrew Borgelt, Derek Spence, Peter Huson",Limited Liability Company,Data Not Available,Not Published,Data Not Available,Data Not Available,Data Not Available,Data Not Available,Andrew@blapproductions.Com,(415) 717-2266,Data Not Available,,
2840,CEO14-0000017-LIC,Expired,Provisional,Commercial -  Event Organizer,Data Not Available,05/28/2019 00:00:00,05/27/2020 00:00:00,,"Ec Events, LLC",Data Not Available,"Robert Coran Capshaw, Tim Blake",Limited Liability Company,Data Not Available,Not Published,Data Not Available,Data Not Available,Data Not Available,Data Not Available,Jim.Lewi@redlightmanagement.Com,(818) 207-8906,Data Not Available,,
2841,CEO14-0000018-LIC,Expired,Provisional,Commercial -  Event Organizer,Data Not Available,03/06/2020 00:00:00,03/06/2021 00:00:00,,Sense Distribution,Data Not Available,"Andrew  Shotts, Jeffrey Cancilla, Latham Woodward",Corporation,Data Not Available,Not Published,Data Not Available,Data Not Available,Data Not Available,Data Not Available,Latham@sensedistribution.Com,(510) 506-8691,Data Not Available,,
2842,CEO14-0000019-LIC,Surrendered,Provisional,Commercial -  Event Organizer,Data Not Available,03/09/2020 00:00:00,03/09/2021 00:00:00,,Amg Dynamic Enterprises Inc,CANNA-FEST 2020,ALEJANDRO GOMEZ,Corporation,Data Not Available,Not Published,Data Not Available,Data Not Available,Data Not Available,Data Not Available,Truleaph.Co@gmail.Com,(760) 562-8008,Data Not Available,,
2843,CEO14-0000020-LIC,Expired,Annual,Commercial -  Event Organizer,Data Not Available,05/29/2019 00:00:00,05/28/2021 00:00:00,,Sunstone Advisors Inc,Sunstone Advisors,Alicia Kelley,Corporation,Data Not Available,Not Published,Data Not Available,Data Not Available,Data Not Available,Data Not Available,Alicia@herbabuena.Com,(707) 738-8858,Data Not Available,,
2844,CEO14-0000021-LIC,Expired,Provisional,Commercial -  Event Organizer,Data Not Available,03/23/2020 00:00:00,03/23/2021 00:00:00,,High End LLC,HIGH END LLC,Danny Weis,Limited Liability Company,Data Not Available,Not Published,Data Not Available,Data Not Available,Data Not Available,Data Not Available,Daniel@nolaweis.Com,(949) 302-3471,Data Not Available,,
2845,CEO14-0000022-LIC,Expired,Provisional,Commercial -  Event Organizer,Data Not Available,03/24/2020 00:00:00,03/24/2021 00:00:00,,"Uniserve, LLC",Data Not Available,Nima Arlimagham,Limited Liability Company,Data Not Available,Not Published,Data Not Available,Data Not Available,Data Not Available,Data Not Available,Nemesisog@yahoo.Com,(949) 629-8588,Data Not Available,,
2846,CEO14-0000023-LIC,Expired,Annual,Commercial -  Event Organizer,Data Not Available,05/30/2019 00:00:00,05/29/2023 00:00:00,,"Tim & Mike Enterprises, LLC",The Queen of Dragons,Timothy Wright,Limited Liability Company,Data Not Available,Not Published,Data Not Available,Data Not Available,Data Not Available,Data Not Available,Twright675@gmail.Com,(530) 206-6874,Data Not Available,,
2847,CEO14-0000024-LIC,Expired,Annual,Commercial -  Event Organizer,Data Not Available,06/03/2019 00:00:00,06/02/2020 00:00:00,,"Hghlnd Evnts, Inc.",Highland Events,Salwa Ibrahim,Corporation,Data Not Available,Not Published,Data Not Available,Data Not Available,Data Not Available,Data Not Available,Nemopiedii@gmail.Com,(510) 637-9909,Data Not Available,,
2848,CEO14-0000025-LIC,Expired,Provisional,Commercial -  Event Organizer,Data Not Available,06/04/2019 00:00:00,06/03/2021 00:00:00,,420 College,420 COLLEGE,George Boyadjian,Corporation,Data Not Available,Not Published,Data Not Available,Data Not Available,Data Not Available,Data Not Available,Staff@420college.Com,(855) 420-8255,Data Not Available,,
2923,CEO14-0000026-LIC,Expired,Annual,Commercial -  Event Organizer,Data Not Available,06/04/2019 00:00:00,06/03/2020 00:00:00,,Johny 5 Productions LLC,Johny 5 Productions,John Javidan,Limited Liability Company,Data Not Available,Not Published,Data Not Available,Data Not Available,Data Not Available,Data Not Available,John@johny5productions.Com,(916) 412-6490,Data Not Available,,
2924,CEO14-0000027-LIC,Expired,Annual,Commercial -  Event Organizer,Data Not Available,06/09/2020 00:00:00,06/09/2024 00:00:00,,Emerald Triangle Legacy L.L.C.,Data Not Available,Caleb Salstrom,Limited Liability Company,Data Not Available,Not Published,Data Not Available,Data Not Available,Data Not Available,Data Not Available,Emeraldtrianglelegacy@gmail.Com,(707) 601-1974,Data Not Available,,
2925,CEO14-0000028-LIC,Expired,Provisional,Commercial -  Event Organizer,Data Not Available,06/10/2019 00:00:00,06/09/2020 00:00:00,,"Humboldt Sun Growers Guild, LLC",Humboldt Sun Growers Guild,"Aaron Serruya, Barry  Nachshon, Gregory  Ester, Stephen  Dillon",Limited Liability Company,Data Not Available,Not Published,Data Not Available,Data Not Available,Data Not Available,Data Not Available,Helena@truehumboldt.Com,(707) 444-8783,Data Not Available,,
2926,CEO14-0000029-LIC,Expired,Annual,Commercial -  Event Organizer,Data Not Available,06/13/2019 00:00:00,06/12/2020 00:00:00,,Humboldt Meridian Inc,EMERALD EVENTS,Otis Martin Jr,Corporation,Data Not Available,Not Published,Data Not Available,Data Not Available,Data Not Available,Data Not Available,Info@humboldtmeridian.Com,(530) 250-5132,Data Not Available,,
2927,CEO14-0000030-LIC,Expired,Annual,Commercial -  Event Organizer,Data Not Available,06/13/2019 00:00:00,06/12/2020 00:00:00,,Canna-Corn Collective,Data Not Available,Michael O'Leary,Corporation,Data Not Available,Not Published,Data Not Available,Data Not Available,Data Not Available,Data Not Available,Michael@medallionwellness.Com,(209) 402-4995,Data Not Available,,
2928,CEO14-0000031-LIC,Expired,Provisional,Commercial -  Event Organizer,Data Not Available,06/17/2019 00:00:00,06/16/2020 00:00:00,,Cannabis For Cause,Cannabis 4 Cause,Joaquin Lujan,Corporation,Data Not Available,Not Published,Data Not Available,Data Not Available,Data Not Available,Data Not Available,Joaquintlujan@gmail.Com,(415) 637-6786,Data Not Available,,
2951,CEO14-0000032-LIC,Expired,Provisional,Commercial -  Event Organizer,Data Not Available,06/19/2019 00:00:00,06/18/2020 00:00:00,,"Mohave Events, LLC",Data Not Available,"CURTIS DEVINE, DEBBIE HUNTER",Limited Liability Company,Data Not Available,Not Published,Data Not Available,Data Not Available,Data Not Available,Data Not Available,Devine@simmslaw.Com,(928) 303-5966,Data Not Available,,
2954,CEO14-0000033-LIC,Expired,Provisional,Commercial -  Event Organizer,Data Not Available,06/15/2020 00:00:00,06/15/2021 00:00:00,,"Shemade, Inc.",Data Not Available,"Adriana West, Elizabeth Callahan, Kimberly Fabbri",Corporation,Data Not Available,Not Published,Data Not Available,Data Not Available,Data Not Available,Data Not Available,Liz@shemadeinc.Com,(319) 290-1846,Data Not Available,,
2955,CEO14-0000034-LIC,Expired,Provisional,Commercial -  Event Organizer,Data Not Available,06/20/2019 00:00:00,06/19/2020 00:00:00,,"Legacy Worldwide Ii, LLC",Data Not Available,Dan Rowland,Limited Liability Company,Data Not Available,Not Published,Data Not Available,Data Not Available,Data Not Available,Data Not Available,Bryson@growthfactorventures.Com,(808) 220-9669,Data Not Available,,
2956,CEO14-0000035-LIC,Expired,Provisional,Commercial -  Event Organizer,Data Not Available,06/21/2019 00:00:00,06/20/2021 00:00:00,,Collective Strategies LLC,STATE OF CANNABIZ,Luis Rivera,Limited Liability Company,Data Not Available,Not Published,Data Not Available,Data Not Available,Data Not Available,Data Not Available,Lrivera@collectivestrategiesla.Com,(818) 438-0840,Data Not Available,,
2957,CEO14-0000036-LIC,Expired,Provisional,Commercial -  Event Organizer,Data Not Available,06/24/2019 00:00:00,06/23/2020 00:00:00,,Cathleen Pacelli-Ruiz LLC,A Kind Collective,Cathleen Pacelli-Ruiz,Limited Liability Company,Data Not Available,Not Published,Data Not Available,Data Not Available,Data Not Available,Data Not Available,Cathleen.Pacelliruiz@gmail.Com,(415) 350-5722,Data Not Available,,
2958,CEO14-0000037-LIC,Expired,Provisional,Commercial -  Event Organizer,Data Not Available,08/14/2020 00:00:00,08/14/2021 00:00:00,,Seize Mo WiLLPower LLC,New Life Ca,Carlton Williams,Limited Liability Company,Data Not Available,Not Published,Data Not Available,Data Not Available,Data Not Available,Data Not Available,Ourcommunity@newlifeca.Com,(510) 299-8033,Data Not Available,,
2959,CEO14-0000038-LIC,Expired,Annual,Commercial -  Event Organizer,Data Not Available,03/01/2021 00:00:00,03/01/2023 00:00:00,,Cultivar Brands,Data Not Available,"Brian  Applegarth, Jacob Ross, James Leitz",Corporation,Data Not Available,Not Published,Data Not Available,Data Not Available,Data Not Available,Data Not Available,Jacob@cultivarbrands.Com,(916) 207-6633,Data Not Available,,
2985,CEO14-0000039-LIC,Expired,Annual,Commercial -  Event Organizer,Data Not Available,06/26/2019 00:00:00,06/25/2023 00:00:00,,Secret Sesh LLC,Data Not Available,Timothy Brown,Limited Liability Company,Data Not Available,Not Published,Data Not Available,Data Not Available,Data Not Available,Data Not Available,Tim@secretsesh.Com,(818) 632-5404,Data Not Available,,
2960,CEO14-0000040-LIC,Expired,Annual,Commercial -  Event Organizer,Data Not Available,01/20/2022 00:00:00,01/20/2025 00:00:00,,Sounds Bazaar LLC,Data Not Available,"ALEXIS AQUINO, ANNA BELDA",Limited Liability Company,Data Not Available,Not Published,Data Not Available,Data Not Available,Data Not Available,Data Not Available,Katrina@sounds-Bazaar.Com,(415) 963-1231,Data Not Available,,
2961,CEO14-0000041-LIC,Expired,Provisional,Commercial -  Event Organizer,Data Not Available,06/28/2019 00:00:00,06/27/2021 00:00:00,,Edward Brown,Play on the Flavors,Edward Brown,Sole Proprietorship,Data Not Available,Not Published,Data Not Available,Data Not Available,Data Not Available,Data Not Available,2934cesarchavez@riseup.Net,(510) 400-6001,Data Not Available,,
2962,CEO14-0000042-LIC,Expired,Provisional,Commercial -  Event Organizer,Data Not Available,07/01/2019 00:00:00,06/30/2020 00:00:00,,"Meadow Distribution, Inc",Data Not Available,David Hua,Corporation,Data Not Available,Not Published,Data Not Available,Data Not Available,Data Not Available,Data Not Available,Hua@getmeadow.Com,(415) 347-6541,Data Not Available,,
2963,CEO14-0000043-LIC,Expired,Annual,Commercial -  Event Organizer,Data Not Available,07/01/2019 00:00:00,06/30/2021 00:00:00,,"Hailes Holdings, LLC",Just Cannabis,Riqua Hailes,Limited Liability Company,Data Not Available,Not Published,Data Not Available,Data Not Available,Data Not Available,Data Not Available,Riquahailes@hotmail.Com,(240) 424-6950,Data Not Available,,
2964,CEO14-0000044-LIC,Expired,Provisional,Commercial -  Event Organizer,Data Not Available,07/02/2019 00:00:00,07/01/2023 00:00:00,,Slo Cultivation Inc.,Cresco California,"Alex Brown, Charles Bachtell, Dennis Olis, Greg Butler, Ivor Van Wingerden, Jim Keblinger, John Schetz, Kyle Hardy, Rene Van Wingerden",Corporation,Data Not Available,Not Published,Data Not Available,Data Not Available,Data Not Available,Data Not Available,Alex.Brown@crescolabs.Com,(805) 403-1033,Data Not Available,,
2965,CEO14-0000045-LIC,Expired,Provisional,Commercial -  Event Organizer,Data Not Available,12/29/2020 00:00:00,12/29/2022 00:00:00,,Green Haven La LLC,GREEN HAVEN LA,CHONSIE BULLOCK,Limited Liability Company,Data Not Available,Not Published,Data Not Available,Data Not Available,Data Not Available,Data Not Available,Chonsiebullock@gmail.Com,(310) 689-6158,Data Not Available,,
2966,CEO14-0000046-LIC,Expired,Annual,Commercial -  Event Organizer,Data Not Available,07/02/2019 00:00:00,07/01/2020 00:00:00,,"New Appellation, LLC",Data Not Available,Colin Disheroon,Limited Liability Company,Data Not Available,Not Published,Data Not Available,Data Not Available,Data Not Available,Data Not Available,Colin@newappellation.Com,(831) 246-0977,Data Not Available,,
2967,CEO14-0000047-LIC,Expired,Provisional,Commercial -  Event Organizer,Data Not Available,07/02/2019 00:00:00,07/01/2020 00:00:00,,Proper Wellness Inc.,Proper Cannabis Events,"Jorje Arjon, Matthew Bengtson, Simone Mellor, Tara Gurley",General Partnership,Data Not Available,Not Published,Data Not Available,Data Not Available,Data Not Available,Data Not Available,Propercannabis@gmail.Com,(707) 630-1142,Data Not Available,,
2968,CEO14-0000048-LIC,Revoked,Provisional,Commercial -  Event Organizer,Data Not Available,07/02/2019 00:00:00,07/01/2021 00:00:00,,Nine Mile Tribe Lcc,NINE MILE TRIBE LCC,"Charles Byrd, Jahful Price, Lynda Byrd",Limited Liability Company,Data Not Available,Not Published,Data Not Available,Data Not Available,Data Not Available,Data Not Available,Contact@ninemiletribe.Com,(415) 902-4874,Data Not Available,,
2969,CEO14-0000049-LIC,Expired,Provisional,Commercial -  Event Organizer,Data Not Available,07/03/2019 00:00:00,07/02/2021 00:00:00,,The Green City Cultivators LLC,Data Not Available,Daniel Hunt,Limited Liability Company,Data Not Available,Not Published,Data Not Available,Data Not Available,Data Not Available,Data Not Available,Greencitycultivators@gmail.Com,(951) 377-3935,Data Not Available,,
2970,CEO14-0000050-LIC,Expired,Provisional,Commercial -  Event Organizer,Data Not Available,07/08/2019 00:00:00,07/07/2020 00:00:00,,"Viper Events I, LLC",Data Not Available,mark tatum,Limited Liability Company,Data Not Available,Not Published,Data Not Available,Data Not Available,Data Not Available,Data Not Available,Marktatum1989@gmail.Com,(805) 961-9400,Data Not Available,,
2971,CEO14-0000051-LIC,Expired,Annual,Commercial -  Event Organizer,Data Not Available,07/09/2019 00:00:00,07/08/2020 00:00:00,,Vibesetter LLC,Data Not Available,"Melissa Mendez, Summer Pelletier",Limited Liability Company,Data Not Available,Not Published,Data Not Available,Data Not Available,Data Not Available,Data Not Available,VibesetterLLC@gmail.Com,(818) 292-7850,Data Not Available,,
2972,CEO14-0000052-LIC,Expired,Annual,Commercial -  Event Organizer,Data Not Available,04/06/2021 00:00:00,04/06/2023 00:00:00,,Ec Licensing LLC,EC LICENSING,Tim Blake,Limited Liability Company,Data Not Available,Not Published,Data Not Available,Data Not Available,Data Not Available,Data Not Available,Info@theemeraldcup.Com,(831) 917-2533,Data Not Available,,
2973,CEO14-0000053-LIC,Expired,Annual,Commercial -  Event Organizer,Data Not Available,04/22/2021 00:00:00,04/22/2022 00:00:00,,Club Sicc LLC,Club Sicc LLC,"Joey Allen, Patrick Daniels",Limited Liability Company,Data Not Available,Not Published,Data Not Available,Data Not Available,Data Not Available,Data Not Available,Clubsiccevent@gmail.Com,(214) 906-3363,Data Not Available,,
2974,CEO14-0000054-LIC,Revoked,Annual,Commercial -  Event Organizer,Data Not Available,07/10/2019 00:00:00,07/09/2021 00:00:00,,Redwood Events And Consulting,Data Not Available,"Jared Williams, Ronit Taggart",General Partnership,Data Not Available,Not Published,Data Not Available,Data Not Available,Data Not Available,Data Not Available,Redwoodec@gmail.Com,(707) 238-2080,Data Not Available,,
2975,CEO14-0000055-LIC,Expired,Provisional,Commercial -  Event Organizer,Data Not Available,07/15/2019 00:00:00,07/14/2020 00:00:00,,Goverde Incubator LLC,Data Not Available,"Chonsie Bullock, Dani Shaker, Sherri  Franklin",Limited Liability Company,Data Not Available,Not Published,Data Not Available,Data Not Available,Data Not Available,Data Not Available,Info@cannibisoflosangeles.Com,(310) 729-2269,Data Not Available,,
2976,CEO14-0000056-LIC,Expired,Provisional,Commercial -  Event Organizer,Data Not Available,07/16/2019 00:00:00,07/15/2020 00:00:00,,Unlimited Brand Holdings LLC,Data Not Available,"Alma Chavez, Marcos  Nunez, Ricardo Chavez",Limited Liability Company,Data Not Available,Not Published,Data Not Available,Data Not Available,Data Not Available,Data Not Available,UnlimitedbrandholdingsLLC@gmail.Com,(310) 849-4202,Data Not Available,,
2977,CEO14-0000057-LIC,Expired,Provisional,Commercial -  Event Organizer,Data Not Available,07/19/2019 00:00:00,07/18/2023 00:00:00,,"Chronicpractor Caregiver, Inc.",Exhale Med Center,"Daniela Alexander, Stan Eric  Loyola",Corporation,Data Not Available,Not Published,Data Not Available,Data Not Available,Data Not Available,Data Not Available,Chronicpractor@gmail.Com,(310) 929-7771,Data Not Available,,
2978,CEO14-0000058-LIC,Active,Annual,Commercial -  Event Organizer,Data Not Available,06/17/2021 00:00:00,06/17/2026 00:00:00,,"Jet Room, Inc.",Kushstock,"Lisa Guerra, Manuel Serrano",Corporation,Data Not Available,Not Published,Data Not Available,Data Not Available,Data Not Available,Data Not Available,Marcella@jetroom.Com,(909) 963-8849,Data Not Available,,
2979,CEO14-0000059-LIC,Expired,Annual,Commercial -  Event Organizer,Data Not Available,07/20/2019 00:00:00,07/19/2023 00:00:00,,Crystal Nugs Inc,"CrystalNugs, Inc","Bryan Brown, Christopher Loftin, Maisha Bahati, Melina Brown",Corporation,Data Not Available,Not Published,Data Not Available,Data Not Available,Data Not Available,Data Not Available,Melina@crystalnugs.Com,(916) 701-9777,Data Not Available,,
2980,CEO14-0000060-LIC,Expired,Provisional,Commercial -  Event Organizer,Data Not Available,07/21/2019 00:00:00,07/20/2020 00:00:00,,"Club Enigma Productions, LLC",Data Not Available,Angela Boger,Limited Liability Company,Data Not Available,Not Published,Data Not Available,Data Not Available,Data Not Available,Data Not Available,Clubenigmala@gmail.Com,(323) 707-4042,Data Not Available,,
2981,CEO14-0000061-LIC,Expired,Annual,Commercial -  Event Organizer,Data Not Available,07/06/2021 00:00:00,07/06/2022 00:00:00,,"Always Proper Distribution, Inc.",ALWAYS PROPER DISTRIBUTION INC,"Jorge Arjon, Matt Bengston, Simone Mellor, Tara Gurley",Corporation,Data Not Available,Not Published,Data Not Available,Data Not Available,Data Not Available,Data Not Available,Properwellnesscenter@gmail.Com,(707) 630-1142,Data Not Available,,
2982,CEO14-0000062-LIC,Expired,Provisional,Commercial -  Event Organizer,Data Not Available,07/22/2019 00:00:00,07/21/2020 00:00:00,,Kushstock Festival Inc.,Kushstock,Kadan Borg,Corporation,Data Not Available,Not Published,Data Not Available,Data Not Available,Data Not Available,Data Not Available,Kushstockfestival@gmail.Com,(213) 232-3158,Data Not Available,,
2983,CEO14-0000063-LIC,Expired,Annual,Commercial -  Event Organizer,Data Not Available,07/24/2019 00:00:00,07/23/2021 00:00:00,,"Ranch Showcase Productions, LLC",Data Not Available,Robert Hickman,Limited Liability Company,Data Not Available,Not Published,Data Not Available,Data Not Available,Data Not Available,Data Not Available,Larry@tysonranch.Com,(303) 478-4185,Data Not Available,,
2984,CEO14-0000064-LIC,Expired,Provisional,Commercial -  Event Organizer,Data Not Available,07/24/2019 00:00:00,07/23/2020 00:00:00,,Cushman Greenfield,Data Not Available,sam sabzehzar,Limited Liability Company,Data Not Available,Not Published,Data Not Available,Data Not Available,Data Not Available,Data Not Available,Sam@cushmangreenfield.Com,(562) 370-4690,Data Not Available,,
2952,CEO14-0000065-LIC,Revoked,Annual,Commercial -  Event Organizer,Data Not Available,07/24/2019 00:00:00,07/23/2021 00:00:00,,High End Society LLC,Data Not Available,Miriel Bereal,Limited Liability Company,Data Not Available,Not Published,Data Not Available,Data Not Available,Data Not Available,Data Not Available,Info@highendsocietyLLC.Com,(213) 377-7049,Data Not Available,,
3049,CEO14-0000066-LIC,Expired,Provisional,Commercial -  Event Organizer,Data Not Available,07/24/2019 00:00:00,07/23/2020 00:00:00,,Salvador Serrano,Data Not Available,salvador serrano,Sole Proprietorship,Data Not Available,Not Published,Data Not Available,Data Not Available,Data Not Available,Data Not Available,Bookingdjrebel@gmail.Com,(714) 951-4542,Data Not Available,,
2953,CEO14-0000067-LIC,Active,Annual,Commercial -  Event Organizer,Data Not Available,05/28/2025 00:00:00,07/06/2026 00:00:00,,Embarc Events LLC,Embarc Events LLC,"Dustin Moore, Lauren  Carpenter",Limited Liability Company,Data Not Available,Not Published,Data Not Available,Data Not Available,Data Not Available,Data Not Available,Dustin@goembarc.Com,(831) 917-2533,Data Not Available,,
2729,CEO14-0000068-LIC,Expired,Annual,Commercial -  Event Organizer,Data Not Available,02/09/2022 00:00:00,02/09/2023 00:00:00,,13 Moons Sf LLC,Data Not Available,Leah Weitz,Limited Liability Company,Data Not Available,Not Published,Data Not Available,Data Not Available,Data Not Available,Data Not Available,13moonsLLC@gmail.Com,(650) 520-1886,Data Not Available,,
2730,CEO14-0000069-LIC,Surrendered,Provisional,Commercial -  Event Organizer,Data Not Available,07/27/2019 00:00:00,07/26/2020 00:00:00,,Daniela Alexander,Data Not Available,Daniela Alexander,Sole Proprietorship,Data Not Available,Not Published,Data Not Available,Data Not Available,Data Not Available,Data Not Available,Daniela_Alex777@yahoo.Com,(310) 273-7797,Data Not Available,,
2731,CEO14-0000070-LIC,Expired,Provisional,Commercial -  Event Organizer,Data Not Available,07/29/2019 00:00:00,07/28/2020 00:00:00,,Decarmoandcoe,KonnnoisseursKhoice,"Debra Torres, jonathan crowell",Corporation,Data Not Available,Not Published,Data Not Available,Data Not Available,Data Not Available,Data Not Available,Konnoisseurskhoice@gmail.Com,(951) 530-7572,Data Not Available,,
2732,CEO14-0000071-LIC,Expired,Provisional,Commercial -  Event Organizer,Data Not Available,08/05/2019 00:00:00,08/04/2020 00:00:00,,Freeborn Productions,Data Not Available,Chelsea Freeborn,Limited Liability Company,Data Not Available,Not Published,Data Not Available,Data Not Available,Data Not Available,Data Not Available,Chelsea@freebornproductions.Com,(562) 338-3772,Data Not Available,,
2733,CEO14-0000072-LIC,Expired,Annual,Commercial -  Event Organizer,Data Not Available,07/13/2021 00:00:00,07/13/2023 00:00:00,,Hey Jackpot LLC,Data Not Available,Jackie Subeck,Limited Liability Company,Data Not Available,Not Published,Data Not Available,Data Not Available,Data Not Available,Data Not Available,Jsubeck@gmail.Com,(310) 849-4403,Data Not Available,,
2734,CEO14-0000073-LIC,Expired,Provisional,Commercial -  Event Organizer,Data Not Available,08/05/2019 00:00:00,08/04/2020 00:00:00,,Dagobah Events,Data Not Available,Kenneth Apodaca,Corporation,Data Not Available,Not Published,Data Not Available,Data Not Available,Data Not Available,Data Not Available,Dagobahfarmzinc@gmail.Com,(559) 942-6416,Data Not Available,,
2735,CEO14-0000074-LIC,Expired,Annual,Commercial -  Event Organizer,Data Not Available,08/07/2019 00:00:00,08/06/2020 00:00:00,,Jingubang Inc.,Jingubang Inc,Michael Manning,Corporation,Data Not Available,Not Published,Data Not Available,Data Not Available,Data Not Available,Data Not Available,M@jingubang.Co,(510) 838-5775,Data Not Available,,
2736,CEO14-0000075-LIC,Expired,Provisional,Commercial -  Event Organizer,Data Not Available,08/14/2019 00:00:00,08/13/2021 00:00:00,,"Zeal Events, LLC.",Data Not Available,"JANELLE EVANS, JOY MCDONALD",Limited Liability Company,Data Not Available,Not Published,Data Not Available,Data Not Available,Data Not Available,Data Not Available,Janellezealevents@gmail.Com,(510) 935-8389,Data Not Available,,
2737,CEO14-0000076-LIC,Expired,Annual,Commercial -  Event Organizer,Data Not Available,08/16/2019 00:00:00,08/15/2020 00:00:00,,Kc Media Holdings LLC,KasanaCare,Jeffrey Westman,Limited Liability Company,Data Not Available,Not Published,Data Not Available,Data Not Available,Data Not Available,Data Not Available,Jeffrey@kasanacare.Com,(707) 477-5367,Data Not Available,,
2738,CEO14-0000077-LIC,Expired,Annual,Commercial -  Event Organizer,Data Not Available,07/14/2021 00:00:00,07/14/2022 00:00:00,,Civic Events Group LLC,Data Not Available,Ali Cooper,Limited Liability Company,Data Not Available,Not Published,Data Not Available,Data Not Available,Data Not Available,Data Not Available,Ali@civiceventsgroup.Com,(951) 852-5961,Data Not Available,,
2739,CEO14-0000078-LIC,Expired,Annual,Commercial -  Event Organizer,Data Not Available,07/15/2021 00:00:00,07/15/2023 00:00:00,,Stonefish Inc,Data Not Available,Kenneth Corben,Corporation,Data Not Available,Not Published,Data Not Available,Data Not Available,Data Not Available,Data Not Available,Ken@psvertical.Com,(562) 270-4285,Data Not Available,,
2740,CEO14-0000079-LIC,Surrendered,Provisional,Commercial -  Event Organizer,Data Not Available,08/21/2019 00:00:00,08/20/2020 00:00:00,,Sky Events Inc.,Sky Events,Karen Bennett,Corporation,Data Not Available,Not Published,Data Not Available,Data Not Available,Data Not Available,Data Not Available,Bennettkb@icloud.Com,(646) 704-2116,Data Not Available,,
2741,CEO14-0000080-LIC,Expired,Provisional,Commercial -  Event Organizer,Data Not Available,08/21/2019 00:00:00,08/20/2020 00:00:00,,Prop 64 Events,prop 64 events,"Edgar Escobar, Edward Axley",General Partnership,Data Not Available,Not Published,Data Not Available,Data Not Available,Data Not Available,Data Not Available,EdgrowLLC@gmail.Com,(213) 503-7352,Data Not Available,,
2742,CEO14-0000081-LIC,Expired,Provisional,Commercial -  Event Organizer,Data Not Available,08/23/2019 00:00:00,08/22/2021 00:00:00,,Fte Entertainment LLC,Data Not Available,"Daniel  Zaharoni, Jayson Quinones, Kintu  Patel",Limited Liability Company,Data Not Available,Not Published,Data Not Available,Data Not Available,Data Not Available,Data Not Available,Danz@zaharoni.Com,(310) 617-6718,Data Not Available,,
2743,CEO14-0000082-LIC,Surrendered,Annual,Commercial -  Event Organizer,Data Not Available,07/20/2021 00:00:00,07/20/2022 00:00:00,,"Hghlnd Evnts, Inc.",Data Not Available,Salwa Ibrahim,Corporation,Data Not Available,Not Published,Data Not Available,Data Not Available,Data Not Available,Data Not Available,James@mksiinvestments.Com,(510) 912-4801,Data Not Available,,
2744,CEO14-0000083-LIC,Expired,Annual,Commercial -  Event Organizer,Data Not Available,08/27/2019 00:00:00,08/26/2020 00:00:00,,The Best Events LLC,Data Not Available,Jacquelyn Vasquez,Limited Liability Company,Data Not Available,Not Published,Data Not Available,Data Not Available,Data Not Available,Data Not Available,Thebesteventsr420@gmail.Com,(925) 819-6564,Data Not Available,,
2745,CEO14-0000084-LIC,Expired,Provisional,Commercial -  Event Organizer,Data Not Available,08/27/2019 00:00:00,08/26/2020 00:00:00,,"Statewide Event Company, Inc.",Data Not Available,"Adrian Sedlin, Kerry  Arnold, Mark  Vendetti, Rick  Fisher",Corporation,Data Not Available,Not Published,Data Not Available,Data Not Available,Data Not Available,Data Not Available,Ashleyb@canndescent.Com,(805) 220-3779,Data Not Available,,
2746,CEO14-0000085-LIC,Expired,Provisional,Commercial -  Event Organizer,Data Not Available,08/27/2019 00:00:00,08/26/2020 00:00:00,,Genius Events LLC,Data Not Available,"Ari Stiegler, Gabriel Borden",Limited Liability Company,Data Not Available,Not Published,Data Not Available,Data Not Available,Data Not Available,Data Not Available,Ben@geniusfund.Com,(213) 374-0534,Data Not Available,,
2747,CEO14-0000086-LIC,Expired,Annual,Commercial -  Event Organizer,Data Not Available,07/30/2021 00:00:00,07/30/2023 00:00:00,,Karen Byars,MCREvents,Karen Byars,Sole Proprietorship,Data Not Available,Not Published,Data Not Available,Data Not Available,Data Not Available,Data Not Available,Mendocannabisevents@gmail.Com,(707) 223-4367,Data Not Available,,
2748,CEO14-0000087-LIC,Surrendered,Provisional,Commercial -  Event Organizer,Data Not Available,08/29/2019 00:00:00,08/28/2020 00:00:00,,"Starlight Resources, Inc.",Bloom Farms,"Michael Ray, Ramon Ware",Corporation,Data Not Available,Not Published,Data Not Available,Data Not Available,Data Not Available,Data Not Available,Contact@bloom.Farm,(510) 500-3794,Data Not Available,,
2749,CEO14-0000088-LIC,Expired,Annual,Commercial -  Event Organizer,Data Not Available,08/30/2019 00:00:00,08/29/2025 00:00:00,,East Bay Therapeutics,Ohana Cannabis Co,"Daryoush  Azimi, Nasser Azimi",Corporation,Data Not Available,Not Published,Data Not Available,Data Not Available,Data Not Available,Data Not Available,Nazimi@eastbaytherapeutics.Com,(916) 757-4892,Data Not Available,,
2750,CEO14-0000089-LIC,Expired,Provisional,Commercial -  Event Organizer,Data Not Available,09/03/2019 00:00:00,09/02/2020 00:00:00,,"Green Pasture Technologies, Inc.","Green Pasture Technologies, Inc.","Anthony Ricci, Suren Avunjian",Corporation,Data Not Available,Not Published,Data Not Available,Data Not Available,Data Not Available,Data Not Available,Info@bewilder.Io,(818) 395-4659,Data Not Available,,
2751,CEO14-0000090-LIC,Active,Annual,Commercial -  Event Organizer,Data Not Available,09/05/2019 00:00:00,09/04/2026 00:00:00,,Grower's Market,Data Not Available,Danny Bitar,Limited Liability Company,Data Not Available,Not Published,Data Not Available,Data Not Available,Data Not Available,Data Not Available,Dannyb7@gmail.Com,(323) 864-1975,Data Not Available,,
2752,CEO14-0000091-LIC,Expired,Provisional,Commercial -  Event Organizer,Data Not Available,09/05/2019 00:00:00,09/04/2022 00:00:00,,Marz Ip Corp.,Data Not Available,Matthew McPhail,Corporation,Data Not Available,Not Published,Data Not Available,Data Not Available,Data Not Available,Data Not Available,Purplecrossrx@gmail.Com,(831) 265-6546,Data Not Available,,
2753,CEO14-0000092-LIC,Expired,Annual,Commercial -  Event Organizer,Data Not Available,09/05/2019 00:00:00,09/04/2025 00:00:00,,Make Green Events LLC,Data Not Available,"Hans Benson, Luis  Viveros, Patrick Finnegan",Limited Liability Company,Data Not Available,Not Published,Data Not Available,Data Not Available,Data Not Available,Data Not Available,Patrick@oaklanddc.Com,(916) 718-1068,Data Not Available,,
2754,CEO14-0000093-LIC,Active,Annual,Commercial -  Event Organizer,Data Not Available,09/06/2019 00:00:00,09/05/2026 00:00:00,,Patients Mutual Assistance Collective Corporation,Harborside,"Conrad Gregory, John Nichols, Kavi Bhai, Kevin  Singer, Patricia  Brooks",Corporation,Data Not Available,Not Published,Data Not Available,Data Not Available,Data Not Available,Data Not Available,Licensing@statehouse.Co,(510) 610-7444,Data Not Available,,
2755,CEO14-0000094-LIC,Surrendered,Provisional,Commercial -  Event Organizer,Data Not Available,09/09/2019 00:00:00,09/08/2022 00:00:00,,Emerald Pharms Resource Center,Emerald Pharms,"Misty Cordeiro-Cary, Tiffany Devitt",Corporation,Data Not Available,Not Published,Data Not Available,Data Not Available,Data Not Available,Data Not Available,Compliance@cannacraft.Com,(916) 420-0173,Data Not Available,,
2756,CEO14-0000095-LIC,Expired,Provisional,Commercial -  Event Organizer,Data Not Available,09/10/2019 00:00:00,09/09/2020 00:00:00,,P&S Ventures LLC,Data Not Available,"Dina Browner, Jason Beck, Scott Lambert",Limited Liability Company,Data Not Available,Not Published,Data Not Available,Data Not Available,Data Not Available,Data Not Available,Scotte_2000@yahoo.Com,(818) 621-0288,Data Not Available,,
2757,CEO14-0000096-LIC,Expired,Provisional,Commercial -  Event Organizer,Data Not Available,09/11/2019 00:00:00,09/10/2020 00:00:00,,Golden Plug Society,Golden Plug Society,Zabdi Jasso,Limited Liability Company,Data Not Available,Not Published,Data Not Available,Data Not Available,Data Not Available,Data Not Available,Zabdi.Jasso@gmail.Com,(951) 490-8401,Data Not Available,,
2758,CEO14-0000097-LIC,Expired,Annual,Commercial -  Event Organizer,Data Not Available,09/16/2019 00:00:00,09/15/2020 00:00:00,,"Merry Jane Events, Inc",Data Not Available,lynn ballantyne,Corporation,Data Not Available,Not Published,Data Not Available,Data Not Available,Data Not Available,Data Not Available,Merryjaneevents@gmail.Com,(805) 259-9339,Data Not Available,,
2759,CEO14-0000098-LIC,Expired,Annual,Commercial -  Event Organizer,Data Not Available,08/04/2021 00:00:00,08/04/2022 00:00:00,,Totally Phresh Farms LLC,"TotallyPhreshFarms, LLC",Tiana Phipps,Limited Liability Company,Data Not Available,Not Published,Data Not Available,Data Not Available,Data Not Available,Data Not Available,Totallyphreshfarms@aol.Com,(909) 503-3211,Data Not Available,,
2760,CEO14-0000099-LIC,Expired,Provisional,Commercial -  Event Organizer,Data Not Available,09/20/2019 00:00:00,09/19/2020 00:00:00,,Balbuena Productions,Data Not Available,Johan Balbuena,Limited Liability Company,Data Not Available,Not Published,Data Not Available,Data Not Available,Data Not Available,Data Not Available,Jbalbuena@mac.Com,(201) 253-6995,Data Not Available,,
2761,CEO14-0000100-LIC,Expired,Provisional,Commercial -  Event Organizer,Data Not Available,09/20/2019 00:00:00,09/19/2020 00:00:00,,New West Ventures LLC,New West Summit,Jim McAlpine,Limited Liability Company,Data Not Available,Not Published,Data Not Available,Data Not Available,Data Not Available,Data Not Available,Jim@newwestsummit.Com,(415) 283-6103,Data Not Available,,
3069,CEO14-0000101-LIC,Expired,Annual,Commercial -  Event Organizer,Data Not Available,09/24/2019 00:00:00,09/23/2025 00:00:00,,"Westside Professional Management, LLC",Wheelhouse,"Sergio Burga, Zahur Lalji",Limited Liability Company,Data Not Available,Not Published,Data Not Available,Data Not Available,Data Not Available,Data Not Available,Info@wheelhouseph.Com,(805) 382-0420,Data Not Available,,
3195,CEO14-0000102-LIC,Expired,Provisional,Commercial -  Event Organizer,Data Not Available,09/26/2019 00:00:00,09/25/2020 00:00:00,,Vertical Bliss Inc,Data Not Available,Ruben Kachian,Data Not Available,Data Not Available,Not Published,Data Not Available,Data Not Available,Data Not Available,Data Not Available,Ruben@verticalbliss.Com,(855) 984-1771,Data Not Available,,
3196,CEO14-0000103-LIC,Expired,Provisional,Commercial -  Event Organizer,Data Not Available,10/01/2019 00:00:00,09/30/2020 00:00:00,,Mmc Management Services LLC,Data Not Available,"Mark Ponticelli, Marlowe Mecardo",Limited Liability Company,Data Not Available,Not Published,Data Not Available,Data Not Available,Data Not Available,Data Not Available,Mm.Mgmtgroup@gmail.Com,(209) 408-8996,Data Not Available,,
3197,CEO14-0000104-LIC,Expired,Annual,Commercial -  Event Organizer,Data Not Available,08/05/2021 00:00:00,08/05/2022 00:00:00,,Contra Costa Farms LLC,Coco Farms,"Andrew Wesley, Charles  Wesley, Martin Wesley",Limited Liability Company,Data Not Available,Not Published,Data Not Available,Data Not Available,Data Not Available,Data Not Available,Info@enjoycocofarms.Com,(833) 424-4283,Data Not Available,,
3198,CEO14-0000105-LIC,Revoked,Annual,Commercial -  Event Organizer,Data Not Available,10/03/2019 00:00:00,10/02/2020 00:00:00,,"Weedcon Productions, LLC",WeedCon,John Williams,Limited Liability Company,Data Not Available,Not Published,Data Not Available,Data Not Available,Data Not Available,Data Not Available,John@weedconproductions.Com,(310) 699-1416,Data Not Available,,
3199,CEO14-0000106-LIC,Active,Annual,Commercial -  Event Organizer,Data Not Available,10/08/2019 00:00:00,10/07/2026 00:00:00,,Smoakland Media LLC,Data Not Available,"Chang Yi, Grant Ip, Irfan Jaffery",Limited Liability Company,Data Not Available,Not Published,Data Not Available,Data Not Available,Data Not Available,Data Not Available,Ijaffery@smoakland.Com,(510) 499-2444,Data Not Available,,
3200,CEO14-0000107-LIC,Expired,Provisional,Commercial -  Event Organizer,Data Not Available,10/11/2019 00:00:00,10/10/2020 00:00:00,,"Fakework Management, Inc",Data Not Available,"BRANDON  KAPLAN, DOMINICK MORMILE",Corporation,Data Not Available,Not Published,Data Not Available,Data Not Available,Data Not Available,Data Not Available,Kap@fakeworkmgmt.Com,(310) 936-8176,Data Not Available,,
3201,CEO14-0000108-LIC,Active,Annual,Commercial -  Event Organizer,Data Not Available,07/21/2023 00:00:00,07/20/2026 00:00:00,,Team Allen Inc.,TEAM ALLEN INC.,"Charis Allen, Claude Allen",Corporation,Data Not Available,Not Published,Data Not Available,Data Not Available,Data Not Available,Data Not Available,Claude@kannaoak.Com,(510) 935-3666,Data Not Available,,
3202,CEO14-0000109-LIC,Expired,Annual,Commercial -  Event Organizer,Data Not Available,10/22/2019 00:00:00,10/21/2023 00:00:00,,"Event Horizon Technologies, Inc.",Flow Kana,"David Rosenthal, Jaime Restrepo, Joseph Mishkin, Juan Maroso Marquez, Kevin Albert",Foreign Corporation,Data Not Available,Not Published,Data Not Available,Data Not Available,Data Not Available,Data Not Available,Drp@flowcannabis.Co,(415) 606-6361,Data Not Available,,
3203,CEO14-0000110-LIC,Surrendered,Provisional,Commercial -  Event Organizer,Data Not Available,11/26/2019 00:00:00,11/25/2020 00:00:00,,Se And Sa Holdings,Data Not Available,"Pamela  Epstein, Shareef El-Sissi, Soufyan Abouhamed, Suhel Singh",Limited Liability Company,Data Not Available,Not Published,Data Not Available,Data Not Available,Data Not Available,Data Not Available,Edeninfusions@gmail.Com,(323) 645-7669,Data Not Available,,
3204,CEO14-0000111-LIC,Expired,Provisional,Commercial -  Event Organizer,Data Not Available,12/02/2019 00:00:00,12/01/2020 00:00:00,,California Wellness Enterprise,Data Not Available,Gasper Guarrasi,Corporation,Data Not Available,Not Published,Data Not Available,Data Not Available,Data Not Available,Data Not Available,Gasper@cannabisadvising.Com,(213) 305-0219,Data Not Available,,
3205,CEO14-0000112-LIC,Expired,Provisional,Commercial -  Event Organizer,Data Not Available,12/02/2019 00:00:00,12/01/2020 00:00:00,,Torero Group,TORERO GROUP,Ilan Bitton,Corporation,Data Not Available,Not Published,Data Not Available,Data Not Available,Data Not Available,Data Not Available,Michaeljbitton@gmail.Com,(310) 279-0709,Data Not Available,,
3206,CEO14-0000113-LIC,Expired,Annual,Commercial -  Event Organizer,Data Not Available,12/05/2019 00:00:00,12/04/2020 00:00:00,,"Green Flower Events, LLC","GREEN FLOWER EVENTS, LLC",Marlinda Girley,Limited Liability Company,Data Not Available,Not Published,Data Not Available,Data Not Available,Data Not Available,Data Not Available,Marlee.Girley@gmail.Com,(209) 518-6324,Data Not Available,,
3207,CEO14-0000114-LIC,Expired,Annual,Commercial -  Event Organizer,Data Not Available,12/12/2019 00:00:00,12/11/2025 00:00:00,,"Caniliv Systems, Inc.",Liv.,Aja Arnold,Corporation,Data Not Available,Not Published,Data Not Available,Data Not Available,Data Not Available,Data Not Available,Aja@canilivsystems.Com,(818) 297-9338,Data Not Available,,
3208,CEO14-0000115-LIC,Expired,Provisional,Commercial -  Event Organizer,Data Not Available,12/20/2019 00:00:00,12/19/2020 00:00:00,,Amenta Systems Research And Development LLC,AmentaMedicinals,Sabir Al-Mansur,Limited Liability Company,Data Not Available,Not Published,Data Not Available,Data Not Available,Data Not Available,Data Not Available,Amentasystems@gmail.Com,(510) 593-9093,Data Not Available,,
3209,CEO14-0000116-LIC,Expired,Annual,Commercial -  Event Organizer,Data Not Available,08/09/2021 00:00:00,08/09/2023 00:00:00,,"Valley Pure Lemoore, LLC",Data Not Available,Bruce Kopitar,Limited Liability Company,Data Not Available,Not Published,Data Not Available,Data Not Available,Data Not Available,Data Not Available,Tony@valleypure.Net,(559) 909-9273,Data Not Available,,
3210,CEO14-0000117-LIC,Active,Annual,Commercial -  Event Organizer,Data Not Available,08/16/2021 00:00:00,08/16/2026 00:00:00,,Jdn Productions LLC,JDN PRODUCTIONS LLC,Joshua Naggar,Limited Liability Company,Data Not Available,Not Published,Data Not Available,Data Not Available,Data Not Available,Data Not Available,Joshua@jdnattorney.Com,(310) 433-8971,Data Not Available,,
3211,CEO14-0000118-LIC,Expired,Annual,Commercial -  Event Organizer,Data Not Available,09/04/2021 00:00:00,09/04/2024 00:00:00,,K Stock Encore LLC,KUSHSTOCK,Kadan Borg,Limited Liability Company,Data Not Available,Not Published,Data Not Available,Data Not Available,Data Not Available,Data Not Available,Kushstockfestival@gmail.Com,(818) 849-2138,Data Not Available,,
3212,CEO14-0000119-LIC,Expired,Annual,Commercial -  Event Organizer,Data Not Available,09/13/2021 00:00:00,09/13/2022 00:00:00,,Michele Thorn,Green Rush Events,Michele Thorn,Sole Proprietorship,Data Not Available,Not Published,Data Not Available,Data Not Available,Data Not Available,Data Not Available,Michele@greenrushevents.Com,(661) 301-1004,Data Not Available,,
3213,CEO14-0000120-LIC,Expired,Annual,Commercial -  Event Organizer,Data Not Available,02/10/2022 00:00:00,02/10/2025 00:00:00,,Kurated LLC,Kurated,DOUGLAS STEWART,Limited Liability Company,Data Not Available,Not Published,Data Not Available,Data Not Available,Data Not Available,Data Not Available,Kurated.Shop@gmail.Com,(510) 735-1471,Data Not Available,,
3214,CEO14-0000121-LIC,Expired,Annual,Commercial -  Event Organizer,Data Not Available,09/28/2021 00:00:00,09/28/2024 00:00:00,,The Goodfellas Group LLC,THE GOODFELLAS GROUP LLC,"AnNam Tran, Antiem Tran, Tanya Marie Pascua",Limited Liability Company,Data Not Available,Not Published,Data Not Available,Data Not Available,Data Not Available,Data Not Available,Nam@wearethegoodfellas.Com,(562) 761-5693,Data Not Available,,
3215,CEO14-0000122-LIC,Expired,Annual,Commercial -  Event Organizer,Data Not Available,02/16/2022 00:00:00,02/16/2023 00:00:00,,"Mwtl Group, Inc.",Medallion Entertainment,Michael O'Leary,Corporation,Data Not Available,Not Published,Data Not Available,Data Not Available,Data Not Available,Data Not Available,Michael@medallionwellness.Com,(209) 494-3204,Data Not Available,,
3216,CEO14-0000123-LIC,Expired,Annual,Commercial -  Event Organizer,Data Not Available,11/04/2021 00:00:00,11/04/2022 00:00:00,,420smoking.Club Incorporation,Data Not Available,Kevin Luster,Corporation,Data Not Available,Not Published,Data Not Available,Data Not Available,Data Not Available,Data Not Available,Info@420smoking.Club,(510) 409-1912,Data Not Available,,
3217,CEO14-0000124-LIC,Expired,Annual,Commercial -  Event Organizer,Data Not Available,11/09/2021 00:00:00,11/09/2023 00:00:00,,Cody Bass,Data Not Available,Cody Bass,Sole Proprietorship,Data Not Available,Not Published,Data Not Available,Data Not Available,Data Not Available,Data Not Available,Cody@tahoewellness.Com,(530) 542-0420,Data Not Available,,
3218,CEO14-0000125-LIC,Expired,Annual,Commercial -  Event Organizer,Data Not Available,11/27/2021 00:00:00,11/27/2025 00:00:00,,"Conquest Marketing Group, LLC",Conquest Marketing Group,Tranell Sevier,Limited Liability Company,Data Not Available,Not Published,Data Not Available,Data Not Available,Data Not Available,Data Not Available,Conquestmgc@gmail.Com,(916) 595-5118,Data Not Available,,
3219,CEO14-0000126-LIC,Expired,Annual,Commercial -  Event Organizer,Data Not Available,02/24/2022 00:00:00,02/24/2023 00:00:00,,Daa$ Entertainment LLC,DAA$ Entertainment LLC,"Anthony Daniels Jr, Jerame Herbert",Limited Liability Company,Data Not Available,Not Published,Data Not Available,Data Not Available,Data Not Available,Data Not Available,Buffndeebo@yahoo.Com,(310) 256-7538,Data Not Available,,
3220,CEO14-0000127-LIC,Active,Annual,Commercial -  Event Organizer,Data Not Available,12/15/2021 00:00:00,12/15/2026 00:00:00,,"Med For America, Inc.",Dream Fields,"Lukasz Tracz, Scot Garrambone, Sebastian Solano",Corporation,Data Not Available,Not Published,Data Not Available,Data Not Available,Data Not Available,Data Not Available,Sbg@dreamfields.Com,(310) 691-9736,Data Not Available,,
3221,CEO14-0000128-LIC,Expired,Annual,Commercial -  Event Organizer,Data Not Available,12/21/2021 00:00:00,12/21/2022 00:00:00,,Mendocino Producers Guild,Mendocino Producers Guild,"Meagen Hedley, Nicholas  Smilgys, Traci Pellar",Limited Liability Company,Data Not Available,Not Published,Data Not Available,Data Not Available,Data Not Available,Data Not Available,Mendopg@gmail.Com,(707) 357-5693,Data Not Available,,
3222,CEO14-0000129-LIC,Active,Annual,Commercial -  Event Organizer,Data Not Available,03/14/2022 00:00:00,03/14/2027 00:00:00,,Capitol Compliance Management LLC,Data Not Available,Garib Karapetyan,Limited Liability Company,Data Not Available,Not Published,Data Not Available,Data Not Available,Data Not Available,Data Not Available,Compliance@ccmup.Com,(775) 240-3055,Data Not Available,,
3223,CEO14-0000130-LIC,Expired,Annual,Commercial -  Event Organizer,Data Not Available,03/15/2022 00:00:00,03/15/2023 00:00:00,,"The Business Institute, LLC",Emerald Goddess Celebrations,Paul Karasik,Limited Liability Company,Data Not Available,Not Published,Data Not Available,Data Not Available,Data Not Available,Data Not Available,Paul@paulkarasik.Com,(310) 545-4994,Data Not Available,,
3224,CEO14-0000131-LIC,Expired,Annual,Commercial -  Event Organizer,Data Not Available,03/18/2022 00:00:00,03/18/2023 00:00:00,,N'Dulge N Fun Party Rentals Inc,Blunts And Brunch With A Twist L.A./O.C.,"Rosie Heggins, Tiana Heggins",Corporation,Data Not Available,Not Published,Data Not Available,Data Not Available,Data Not Available,Data Not Available,Bluntsandbrunchwithatwistlaoc@gmail.Com,(714) 391-3165,Data Not Available,,
3103,CEO14-0000132-LIC,Expired,Annual,Commercial -  Event Organizer,Data Not Available,03/28/2022 00:00:00,03/28/2023 00:00:00,,"Califari Ca, LLC","CALIFARI CA, LLC",Jason McHugh,Limited Liability Company,Data Not Available,Not Published,Data Not Available,Data Not Available,Data Not Available,Data Not Available,Jmchugh@califari.Com,(310) 497-6104,Data Not Available,,
3104,CEO14-0000134-LIC,Expired,Annual,Commercial -  Event Organizer,Data Not Available,04/14/2022 00:00:00,04/14/2023 00:00:00,,Matthew Lyle,Nebulous,Matthew Lyle,Sole Proprietorship,Data Not Available,Not Published,Data Not Available,Data Not Available,Data Not Available,Data Not Available,Matt.Lyle16@gmail.Com,(703) 967-4256,Data Not Available,,
3105,CEO14-0000136-LIC,Expired,Annual,Commercial -  Event Organizer,Data Not Available,05/09/2022 00:00:00,05/09/2023 00:00:00,,"Midnight Soul Brand, LLC",Midnight Soul Brand,"Andrina Stokes, Katarina Eleby",Limited Liability Company,Data Not Available,Not Published,Data Not Available,Data Not Available,Data Not Available,Data Not Available,Kat@midnightsoulbrand.Com,(562) 517-8111,Data Not Available,,
3106,CEO14-0000137-LIC,Expired,Annual,Commercial -  Event Organizer,Data Not Available,05/24/2022 00:00:00,05/24/2023 00:00:00,,Kalla Holdings LLC,Data Not Available,Ali Jamalian,Limited Liability Company,Data Not Available,Not Published,Data Not Available,Data Not Available,Data Not Available,Data Not Available,Aj@kiffensf.Com,(415) 900-6868,Data Not Available,,
3107,CEO14-0000139-LIC,Expired,Annual,Commercial -  Event Organizer,Data Not Available,06/01/2022 00:00:00,06/01/2024 00:00:00,,Lav8 Corporation,Data Not Available,MIRIEL BEREAL,Corporation,Data Not Available,Not Published,Data Not Available,Data Not Available,Data Not Available,Data Not Available,Maebereal@gmail.Com,(213) 377-7049,Data Not Available,,
3108,CEO14-0000140-LIC,Expired,Annual,Commercial -  Event Organizer,Data Not Available,06/06/2022 00:00:00,06/06/2023 00:00:00,,E7 La LLC,Element 7,Robert DiVito,Limited Liability Company,Data Not Available,Not Published,Data Not Available,Data Not Available,Data Not Available,Data Not Available,Robert@e7ca.Com,(630) 335-4783,Data Not Available,,
3109,CEO14-0000141-LIC,Expired,Annual,Commercial -  Event Organizer,Data Not Available,06/14/2022 00:00:00,06/14/2023 00:00:00,,Judah Bell,Taste Maker Productions,Judah Bell,Sole Proprietorship,Data Not Available,Not Published,Data Not Available,Data Not Available,Data Not Available,Data Not Available,Belljudah@gmail.Com,(510) 282-4852,Data Not Available,,
3110,CEO14-0000145-LIC,Expired,Annual,Commercial -  Event Organizer,Data Not Available,06/22/2022 00:00:00,06/22/2025 00:00:00,,Bud And Bloom,Farmacy Santa Ana,"Graham Farrar, Kyle Kazan",Corporation,Data Not Available,Not Published,Data Not Available,Data Not Available,Data Not Available,Data Not Available,Licensing@glasshousegroup.Com,(562) 264-5078,Data Not Available,,
3111,CEO14-0000146-LIC,Expired,Annual,Commercial -  Event Organizer,Data Not Available,06/23/2022 00:00:00,06/23/2025 00:00:00,,Mayra Altamirano,Data Not Available,"Isaac Altamirano, Mayra Altamirano",Limited Liability Company,Data Not Available,Not Published,Data Not Available,Data Not Available,Data Not Available,Data Not Available,Mayra@worstgeneration.Wtf,(806) 544-9339,Data Not Available,,
3112,CEO14-0000148-LIC,Active,Annual,Commercial -  Event Organizer,Data Not Available,06/27/2022 00:00:00,06/27/2026 00:00:00,,Cusp High Freq LLC,Data Not Available,"Antonio Beltran, Gurpreet Sangha, Julio Beltran, Raj Sangha",Limited Liability Company,Data Not Available,Not Published,Data Not Available,Data Not Available,Data Not Available,Data Not Available,Julio@cuspagency.Com,(909) 681-4974,Data Not Available,,
3113,CEO14-0000149-LIC,Expired,Annual,Commercial -  Event Organizer,Data Not Available,06/28/2022 00:00:00,06/28/2023 00:00:00,,Gallantri Industries Inc.,Gallantri Industries Inc.,"Keyston Franklin, Omari Garrett, Renita  Manley, Rodolfo Ceja",Corporation,Data Not Available,Not Published,Data Not Available,Data Not Available,Data Not Available,Data Not Available,Info@gallantriindustries.Com,(312) 715-7698,Data Not Available,,
3114,CEO14-0000151-LIC,Expired,Annual,Commercial -  Event Organizer,Data Not Available,07/12/2022 00:00:00,07/12/2023 00:00:00,,The Foxx Law Group,Data Not Available,Fahed Sayegh,Corporation,Data Not Available,Not Published,Data Not Available,Data Not Available,Data Not Available,Data Not Available,Freddy@thefoxxfirm.Com,(310) 877-5033,Data Not Available,,
3115,CEO14-0000152-LIC,Expired,Annual,Commercial -  Event Organizer,Data Not Available,07/26/2022 00:00:00,07/26/2023 00:00:00,,"Master Collective Management, LLC",Data Not Available,Robert Selan,Limited Liability Company,Data Not Available,Not Published,Data Not Available,Data Not Available,Data Not Available,Data Not Available,Jordan@mastercollective.Com,(818) 710-0188,Data Not Available,,
3116,CEO14-0000153-LIC,Expired,Annual,Commercial -  Event Organizer,Data Not Available,07/26/2022 00:00:00,07/26/2023 00:00:00,,Vibe Salinas LLC,Data Not Available,"Joseph Starr, Mark Waldron, Michal Holub",Limited Liability Company,Data Not Available,Not Published,Data Not Available,Data Not Available,Data Not Available,Data Not Available,Compliance@vibebycalifornia.Com,(279) 356-8423,Data Not Available,,
3117,CEO14-0000154-LIC,Expired,Annual,Commercial -  Event Organizer,Data Not Available,08/17/2022 00:00:00,08/17/2023 00:00:00,,"North Coast Wellbeing, Inc.",Dragonfly Wellness Center (North Coast Wellbeing dba),Judith Thilman,Corporation,Data Not Available,Not Published,Data Not Available,Data Not Available,Data Not Available,Data Not Available,Jude@cchange.Org,(415) 517-2833,Data Not Available,,
3118,CEO14-0000155-LIC,Expired,Annual,Commercial -  Event Organizer,Data Not Available,08/17/2022 00:00:00,08/17/2023 00:00:00,,Coachella Cannabis Festival,Data Not Available,Roniceah Teague Hayes Jones,Corporation,Data Not Available,Not Published,Data Not Available,Data Not Available,Data Not Available,Data Not Available,Customer.Aven@gmail.Com,(323) 947-9909,Data Not Available,,
3119,CEO14-0000156-LIC,Expired,Annual,Commercial -  Event Organizer,Data Not Available,08/23/2022 00:00:00,08/23/2023 00:00:00,,Oxygen LLC,Data Not Available,Yiyao Zhang,Limited Liability Company,Data Not Available,Not Published,Data Not Available,Data Not Available,Data Not Available,Data Not Available,Jeffrey88@me.Com,(408) 480-8888,Data Not Available,,
3120,CEO14-0000157-LIC,Expired,Annual,Commercial -  Event Organizer,Data Not Available,08/29/2022 00:00:00,08/29/2023 00:00:00,,"420 All Stars, LLC.",Data Not Available,William King,Limited Liability Company,Data Not Available,Not Published,Data Not Available,Data Not Available,Data Not Available,Data Not Available,Specialevents247@gmail.Com,(714) 495-5337,Data Not Available,,
3121,CEO14-0000158-LIC,Expired,Annual,Commercial -  Event Organizer,Data Not Available,09/09/2022 00:00:00,09/09/2023 00:00:00,,Cgoa,CGOA,"John Hunter, Mico Hawkins",General Partnership,Data Not Available,Not Published,Data Not Available,Data Not Available,Data Not Available,Data Not Available,Cs@chasehomburg.Com,(305) 923-8312,Data Not Available,,
3122,CEO14-0000159-LIC,Expired,Annual,Commercial -  Event Organizer,Data Not Available,09/12/2022 00:00:00,09/12/2023 00:00:00,,"Dem Irie Vibez, LLC",Dem Irie Vibez,"Monique Loera, Robert Rodriguez",Limited Liability Company,Data Not Available,Not Published,Data Not Available,Data Not Available,Data Not Available,Data Not Available,Demirievibez@gmail.Com,(951) 501-6442,Data Not Available,,
3123,CEO14-0000160-LIC,Expired,Annual,Commercial -  Event Organizer,Data Not Available,10/24/2022 00:00:00,10/24/2024 00:00:00,,Ne Plus Ultra Limited Liability Company,POSHHEAD,Brianna Horton,Limited Liability Company,Data Not Available,Not Published,Data Not Available,Data Not Available,Data Not Available,Data Not Available,High@poshheadcannabis.Com,(510) 708-8315,Data Not Available,,
3124,CEO14-0000161-LIC,Expired,Annual,Commercial -  Event Organizer,Data Not Available,10/27/2022 00:00:00,10/27/2023 00:00:00,,Kind Group Ventures LLC,Kind Delivery Co,"Angelyn Hale, Bertrand Haure, Corey Brushia, Jarrett Hale",Limited Liability Company,Data Not Available,Not Published,Data Not Available,Data Not Available,Data Not Available,Data Not Available,Jarrett@kinddeliveryco.Com,(951) 228-9447,Data Not Available,,
3125,CEO14-0000162-LIC,Expired,Annual,Commercial -  Event Organizer,Data Not Available,11/28/2022 00:00:00,11/28/2023 00:00:00,,Altrsm LLC,ALTRSM LLC,Josef Airone,Limited Liability Company,Data Not Available,Not Published,Data Not Available,Data Not Available,Data Not Available,Data Not Available,Sweetleafjoe@gmail.Com,(415) 756-8653,Data Not Available,,
3126,CEO14-0000163-LIC,Expired,Annual,Commercial -  Event Organizer,Data Not Available,11/29/2022 00:00:00,11/29/2025 00:00:00,,Move Greenz LLC,Cannabis Event Planning,Tramicah Dempsey,Limited Liability Company,Data Not Available,Not Published,Data Not Available,Data Not Available,Data Not Available,Data Not Available,Movegreenz415@gmail.Com,(415) 688-5975,Data Not Available,,
3127,CEO14-0000164-LIC,Expired,Annual,Commercial -  Event Organizer,Data Not Available,12/07/2022 00:00:00,12/07/2024 00:00:00,,Consulting With Grace LLC,Consulting with Grace LLC,"Grace Lahlouh, Jason Beck",Limited Liability Company,Data Not Available,Not Published,Data Not Available,Data Not Available,Data Not Available,Data Not Available,Gracelahlouh@gmail.Com,(408) 806-5707,Data Not Available,,
3128,CEO14-0000165-LIC,Expired,Annual,Commercial -  Event Organizer,Data Not Available,12/27/2022 00:00:00,12/27/2024 00:00:00,,Higheventz LLC,HIGHEVENTZ LLC,Nicholas Lee,Limited Liability Company,Data Not Available,Not Published,Data Not Available,Data Not Available,Data Not Available,Data Not Available,Nickdlee01@gmail.Com,(917) 699-5250,Data Not Available,,
3129,CEO14-0000171-LIC,Expired,Annual,Commercial -  Event Organizer,Data Not Available,02/08/2023 00:00:00,02/08/2026 00:00:00,,Tank Friends LLC,Data Not Available,"Kaveh Newmen, Mizuki Asakura",Limited Liability Company,Data Not Available,Not Published,Data Not Available,Data Not Available,Data Not Available,Data Not Available,Nse@friendsinhighplaces.Io,(714) 728-2999,Data Not Available,,
3130,CEO14-0000172-LIC,Expired,Annual,Commercial -  Event Organizer,Data Not Available,03/07/2023 00:00:00,03/06/2024 00:00:00,,"Community Gardens, Inc.","Community Gardens, Inc.","Raeven Duckett, Yvette Patrick",Corporation,Data Not Available,Not Published,Data Not Available,Data Not Available,Data Not Available,Data Not Available,Raevenduckett@gmail.Com,(510) 338-2250,Data Not Available,,
3131,CEO14-0000173-LIC,Expired,Annual,Commercial -  Event Organizer,Data Not Available,03/13/2023 00:00:00,03/12/2025 00:00:00,,"Wcw Organization, Inc.",Tropicanna,Rouzbeh Vahdatpour,Corporation,Data Not Available,Not Published,Data Not Available,Data Not Available,Data Not Available,Data Not Available,Rooz@thetropicannalife.Com,(310) 845-5117,Data Not Available,,
3132,CEO14-0000174-LIC,Expired,Annual,Commercial -  Event Organizer,Data Not Available,05/25/2023 00:00:00,05/24/2024 00:00:00,,"Port Retail, LLC",TREE FACTORY,"Alex Soriano, David Garcia, Hao Wang, Liang Guo, Ricardo Hernandez, Tianming Chen",Limited Liability Partnership,Data Not Available,Not Published,Data Not Available,Data Not Available,Data Not Available,Data Not Available,Mariav@damanagementgroup.Com,(805) 223-4827,Data Not Available,,
3133,CEO14-0000175-LIC,Expired,Annual,Commercial -  Event Organizer,Data Not Available,06/06/2023 00:00:00,06/05/2025 00:00:00,,"Calma Weho, LLC",Calma,"Greg Gamet, Laurie Holcomb, Marshall Minor",Limited Liability Company,Data Not Available,Not Published,Data Not Available,Data Not Available,Data Not Available,Data Not Available,Licensing@theparent.Co,(669) 234-4049,Data Not Available,,
3134,CEO14-0000176-LIC,Expired,Annual,Commercial -  Event Organizer,Data Not Available,06/14/2023 00:00:00,06/13/2025 00:00:00,,Ht Cups LLC,HT Cups LLC,Jay Henderson,Limited Liability Company,Data Not Available,Not Published,Data Not Available,Data Not Available,Data Not Available,Data Not Available,Paul@hightimes.Com,(801) 358-4759,Data Not Available,,
3328,CEO14-0000177-LIC,Active,Annual,Commercial -  Event Organizer,Data Not Available,06/22/2023 00:00:00,06/21/2026 00:00:00,,Humboldt Green Events LLC,HUMBOLDT GREEN EVENTS LLC,Stephen Gieder,Limited Liability Company,Data Not Available,Not Published,Data Not Available,Data Not Available,Data Not Available,Data Not Available,Steve@gohumboldtgreen.Com,(707) 362-6511,Data Not Available,,
3330,CEO14-0000178-LIC,Expired,Annual,Commercial -  Event Organizer,Data Not Available,06/27/2023 00:00:00,06/26/2025 00:00:00,,Estd LLC,Fig & Thistle Apothecary,"Angel  Davis, Michael  Hall, Nguey Lay",Limited Liability Company,Data Not Available,Not Published,Data Not Available,Data Not Available,Data Not Available,Data Not Available,Angel@figandthistlesf.Com,(415) 535-2771,Data Not Available,,
3164,CEO14-0000179-LIC,Expired,Annual,Commercial -  Event Organizer,Data Not Available,07/11/2023 00:00:00,07/10/2024 00:00:00,,Sundown Sessions LLC,spangler event productions,"chris cantore, mike spangler",Limited Liability Partnership,Data Not Available,Not Published,Data Not Available,Data Not Available,Data Not Available,Data Not Available,Mikespang@gmail.Com,(858) 401-0849,Data Not Available,,
3165,CEO14-0000180-LIC,Active,Annual,Commercial -  Event Organizer,Data Not Available,08/03/2023 00:00:00,08/02/2026 00:00:00,,"Newtonian Principles, Inc.",Planet 13 Orange County,"Larry Scheffler, Robert Groesbeck",Corporation,Data Not Available,Not Published,Data Not Available,Data Not Available,Data Not Available,Data Not Available,Lkoehler@planet13.Com,(707) 407-8507,Data Not Available,,
3166,CEO14-0000181-LIC,Expired,Annual,Commercial -  Event Organizer,Data Not Available,08/08/2023 00:00:00,08/07/2024 00:00:00,,"7points Group, Inc.",7 Points,"Santiago  Martin Sr., Wayne Bishop",Corporation,Data Not Available,Not Published,Data Not Available,Data Not Available,Data Not Available,Data Not Available,Wbishop@7points.Biz,(661) 378-4555,Data Not Available,,
3167,CEO14-0000182-LIC,Expired,Annual,Commercial -  Event Organizer,Data Not Available,09/12/2023 00:00:00,09/11/2025 00:00:00,,"Btcc, LLC",Big Top Cannabis Circus,"Brian Applegarth, Jerred Kiloh, Tim Smith",Limited Liability Company,Data Not Available,Not Published,Data Not Available,Data Not Available,Data Not Available,Data Not Available,Dan@eventiproductions.Com,(415) 516-9154,Data Not Available,,
3168,CEO14-0000183-LIC,Expired,Annual,Commercial -  Event Organizer,Data Not Available,10/26/2023 00:00:00,10/25/2024 00:00:00,,"The Perfect Plug, LLC",THE PERFECT PLUG,"Angelique Tribelhorn, Brian Williams",Limited Liability Company,Data Not Available,Not Published,Data Not Available,Data Not Available,Data Not Available,Data Not Available,Brian@theperfectplug.Com,(949) 444-4085,Data Not Available,,
3169,CEO14-0000184-LIC,Expired,Annual,Commercial -  Event Organizer,Data Not Available,12/13/2023 00:00:00,12/12/2024 00:00:00,,Ec Licensing LLC,EC LICENSING LLC,Tim Blake,Limited Liability Company,Data Not Available,Not Published,Data Not Available,Data Not Available,Data Not Available,Data Not Available,Timblake@theemeraldcup.Com,(707) 354-1436,Data Not Available,,
3170,CEO14-0000185-LIC,Active,Annual,Commercial -  Event Organizer,Data Not Available,03/15/2024 00:00:00,03/15/2027 00:00:00,,Redding Rancheria Knock Out LLC,Knock Out,"Cody Greer, Daniel Brantley, Jeremy Smith, Laine Hayward, Robert L Benner, Trisha Baker",Limited Liability Company,Data Not Available,Not Published,Data Not Available,Data Not Available,Data Not Available,Data Not Available,Whitney.Morton@win-River.Com,(530) 691-5200,Data Not Available,,
3171,CEO14-0000186-LIC,Expired,Annual,Commercial -  Event Organizer,Data Not Available,06/13/2024 00:00:00,06/13/2025 00:00:00,,"Napa Downtown Retail, Inc.",Abide Napa,"Amos Flint, Francis Heldt, Jerred Kiloh, Micah Malan",Corporation,Data Not Available,Not Published,Data Not Available,Data Not Available,Data Not Available,Data Not Available,Sara@abidenapa.Com,(707) 266-1967,Data Not Available,,
3172,CEO14-0000187-LIC,Expired,Annual,Commercial -  Event Organizer,Data Not Available,07/16/2024 00:00:00,07/16/2025 00:00:00,,Local Roots LLC,LOCAL ROOTS LLC,"Dylan McGinty, Zachary Allen",Limited Liability Company,Data Not Available,Not Published,Data Not Available,Data Not Available,Data Not Available,Data Not Available,D.Mcginty@live.Com,(707) 489-4162,Data Not Available,,
3173,CEO14-0000188-LIC,Expired,Annual,Commercial -  Event Organizer,Data Not Available,07/19/2024 00:00:00,07/19/2025 00:00:00,,Equity First Collective,EQUITY FIRST COLLECTIVE,Frantz Theard,Corporation,Data Not Available,Not Published,Data Not Available,Data Not Available,Data Not Available,Data Not Available,Theard76@gmail.Com,(954) 471-0632,Data Not Available,,
3174,CEO14-0000189-LIC,Expired,Annual,Commercial -  Event Organizer,Data Not Available,09/23/2024 00:00:00,09/23/2025 00:00:00,,"Afiyh, LLC",WEEDLAND,John Goldman,Limited Liability Company,Data Not Available,Not Published,Data Not Available,Data Not Available,Data Not Available,Data Not Available,Jgold@flwrhd.Com,(323) 957-9466,Data Not Available,,
3175,CEO14-0000190-LIC,Active,Annual,Commercial -  Event Organizer,Data Not Available,04/04/2025 00:00:00,10/08/2026 00:00:00,,"Sdcfm, Inc.","SDCFM, INC.","Barry Herzberg, Joshua Caruso",Corporation,Data Not Available,Not Published,Data Not Available,Data Not Available,Data Not Available,Data Not Available,Josh@farmerscupofficial.Com,(858) 267-7283,Data Not Available,,
3176,CEO14-0000191-LIC,Expired,Annual,Commercial -  Event Organizer,Data Not Available,11/03/2024 00:00:00,11/03/2025 00:00:00,,Clone Media LLC,CLONE MEDIA LLC,Paul Valenzuela,Limited Liability Company,Data Not Available,Not Published,Data Not Available,Data Not Available,Data Not Available,Data Not Available,Heyclonecoach@gmail.Com,(760) 578-1516,Data Not Available,,
3177,CEO14-0000193-LIC,Active,Annual,Commercial -  Event Organizer,Data Not Available,11/20/2024 00:00:00,11/20/2026 00:00:00,,420 All Stars L.L.C.,420 ALL STARS L.L.C.,William King,Limited Liability Company,Data Not Available,Not Published,Data Not Available,Data Not Available,Data Not Available,Data Not Available,Wasslaw@gmail.Com,(714) 231-1910,Data Not Available,,
3178,CEO14-0000194-LIC,Expired,Annual,Commercial -  Event Organizer,Data Not Available,11/27/2024 00:00:00,11/27/2025 00:00:00,,King Ganja Clothing LLC,King Ganja Fest Event,Anthony Alvarado,Limited Liability Company,Data Not Available,Not Published,Data Not Available,Data Not Available,Data Not Available,Data Not Available,Sweetscience1123@gmail.Com,(909) 845-6173,Data Not Available,,
3179,CEO14-0000195-LIC,Active,Annual,Commercial -  Event Organizer,Data Not Available,01/24/2025 00:00:00,01/24/2027 00:00:00,,"Upnorth Distribution, Inc.",UpNorth Humboldt,"David Thomas, Geoffrey Hoopes, Joseph  Jones, Katie Hoopes, Paul Gilman, Vincent DiBenedetto",Corporation,Data Not Available,Not Published,Data Not Available,Data Not Available,Data Not Available,Data Not Available,Katie@upnorthhumboldt.Com,(707) 572-5157,Data Not Available,,
3180,CEO14-0000197-LIC,Active,Annual,Commercial -  Event Organizer,Data Not Available,06/16/2025 00:00:00,06/16/2026 00:00:00,,"Flower Expo California, LLC","FLOWER EXPO CALIFORNIA, LLC",Jamie Chisick,Limited Liability Company,Data Not Available,Not Published,Data Not Available,Data Not Available,Data Not Available,Data Not Available,Jchisick@gmail.Com,(714) 922-0576,Data Not Available,,
3181,CEO14-0000199-LIC,Active,Annual,Commercial -  Event Organizer,Data Not Available,08/05/2025 00:00:00,08/05/2026 00:00:00,,The Corner Store 209 Inc.,Data Not Available,Angilbert Sarkis,Corporation,Data Not Available,Not Published,Data Not Available,Data Not Available,Data Not Available,Data Not Available,Corp@thepremier.Group,(209) 969-9000,Data Not Available,,
3182,CEO14-0000200-LIC,Active,Annual,Commercial -  Event Organizer,Data Not Available,08/28/2025 00:00:00,08/28/2026 00:00:00,,Network Show LLC,Data Not Available,"An Nam Tran, Antiem Tran, Shea Alderete, Tanya Marie Pascua",Limited Liability Company,Data Not Available,Not Published,Data Not Available,Data Not Available,Data Not Available,Data Not Available,Tmp@wearethegoodfellas.Com,(562) 761-5693,Data Not Available,,
3183,CEO14-0000201-LIC,Active,Annual,Commercial -  Event Organizer,Data Not Available,09/16/2025 00:00:00,09/16/2026 00:00:00,,"Tch Marketing, LLC",Data Not Available,Sahara Bernes,Limited Liability Company,Data Not Available,Not Published,Data Not Available,Data Not Available,Data Not Available,Data Not Available,Alex@cakehousecannabis.Com,(480) 329-9439,Data Not Available,,
3184,CEO14-0000202-LIC,Active,Annual,Commercial -  Event Organizer,Data Not Available,10/27/2025 00:00:00,10/27/2026 00:00:00,,8278 Inc,8278 INC,"Rashon Velmont, Sebastian Velmont",Corporation,Data Not Available,Not Published,Data Not Available,Data Not Available,Data Not Available,Data Not Available,Info@equitybrands.Co,(818) 254-8662,Data Not Available,,
3185,CEO14-0000203-LIC,Active,Annual,Commercial -  Event Organizer,Data Not Available,12/22/2025 00:00:00,12/22/2026 00:00:00,,Roeding Leaf Inc.,Banyan Tree,"Adolfo Castillo, Miguel Vasquez, Steven Spriggs",Corporation,Data Not Available,Not Published,Data Not Available,Data Not Available,Data Not Available,Data Not Available,Ace@banyantreefresno.Com,(559) 725-4224,Data Not Available,,
3186,CEO14-0000204-LIC,Active,Annual,Commercial -  Event Organizer,Data Not Available,01/11/2026 00:00:00,01/11/2027 00:00:00,,Heidi Vermillion,Potstars of California,heidi vermillion,Sole Proprietorship,Data Not Available,Not Published,Data Not Available,Data Not Available,Data Not Available,Data Not Available,Prezgarden@gmail.Com,(530) 556-9622,Data Not Available,,
3187,CEO14-0000206-LIC,Active,Annual,Commercial -  Event Organizer,Data Not Available,01/13/2026 00:00:00,01/14/2027 00:00:00,,Ne Plus Ultra Limited Liability Company,POSHHEAD,"Brianna Horton, Louis Ray",Limited Liability Company,Data Not Available,Not Published,Data Not Available,Data Not Available,Data Not Available,Data Not Available,High@poshheadcannabis.Com,(510) 708-8315,Data Not Available,,
3188,CEO14-0000207-LIC,Active,Annual,Commercial -  Event Organizer,Data Not Available,01/23/2026 00:00:00,01/23/2027 00:00:00,,Pope The Ceo LLC,California Cypha,Jerome Pope,Limited Liability Company,Data Not Available,Not Published,Data Not Available,Data Not Available,Data Not Available,Data Not Available,Jeromepope@popetheceo.Com,(888) 938-2838,Data Not Available,,
3189,CEO14-0000210-LIC,Active,Annual,Commercial -  Event Organizer,Data Not Available,03/26/2026 00:00:00,03/26/2027 00:00:00,,"Down Under Industries, Inc.",Down Under Industries,Jamie Reagan,Corporation,Data Not Available,Not Published,Data Not Available,Data Not Available,Data Not Available,Data Not Available,Jamie@downunderindustries.Com,(707) 658-1707,Data Not Available,,
