LicenseNumber,LicenseName,CE ID,LicenseType,LicenseStatus,County
00170400460138702033,CIRCLE S FARMS LLC,RD374,Retail Dispensary,Active,CLARK
00604441635504697108,TGIG LLC,T080,Retail Distributor,Active,CLARK
01359449685112111637,CR/P LAS VEGAS LLC,D059,Retail Dispensary,Active,CLARK
01653343486142530020,WELLNESS CONNECTION OF NEVADA LLC,D190,Retail Dispensary,Active,CLARK
01696915226901375362,PICKSY RENO LLC,D106,Retail Dispensary,Active,WASHOE
01737633649552254158,GREENWAY MEDICAL LLC,T040,Retail Distributor,Active,CLARK
02301531072727181049,AGUA STREET LLC,P101,Retail Production,Active,CLARK
02322843247473154082,NEVADAPURE LLC,P015,Retail Production,Active,CLARK
02411041046250902247,WASHOE DISPENSARY LLC,D057,Retail Dispensary,Active,WASHOE
02685010272987196695,CLEAR RIVER LLC,C097,Retail Cultivation,Active,CLARK
02959703688458604031,NCMM LLC,C159,Retail Cultivation,Active,NYE
03137125388697415604,GREEN THERAPEUTICS LLC,T036,Retail Distributor,Active,CLARK
04045523128584413069,RETAIL FACILITIES OPERATIONS NV LLC,D078,Retail Dispensary,Active,CLARK
04054268305722414317,CHEYENNE MEDICAL ELKO RD267 LLC,RD267,Retail Dispensary,Active,ELKO
04850532340024898157,RANGE BRANDS LLC,C057,Retail Cultivation,Active,CLARK
05190167691119502478,MM DEVELOPMENT COMPANY INC,P002,Retail Production,Active,CLARK
05439548708602328194,MBNV GT LLC,P054,Retail Production,Active,CLARK
05913170220874047306,EUPHORIA WELLNESS LLC,C072,Retail Cultivation,Active,CLARK
06085399432340594372,DEEP ROOTS HARVEST INC.,RD401,Retail Dispensary,Active,CLARK
06179984770837282920,SILVER STATE CULTIVATION LLC,P001,Retail Production,Active,WASHOE
06347213896566425206,INTEGRAL ASSOCIATES LLC,D044,Retail Dispensary,Active,CLARK
07154062603138326198,HEALTHCARE OPTIONS FOR PATIENTS ENTERPRISES LLC,C129,Retail Cultivation,Active,CLARK
07214141470882695436,LVIG HOLDINGS LLC,C158,Retail Cultivation,Non-Operational,CLARK
07614508649058338463,GREENLEAF PRODUCTION INC,P041,Retail Production,Active,WASHOE
07716430045859597948,CLEAR RIVER LLC,RD231,Retail Dispensary,Active,CLARK
07793712489874595708,GREEN LIFE PRODUCTIONS LLC,P133,Retail Production,Active,NYE
07912568590104527553,TGNV LLC,C025,Retail Cultivation,Active,WASHOE
08487688474890863372,WSCC INC,D149,Retail Dispensary,Active,CARSON CITY
08542800532746610043,SSAC CORPORATION,P050,Retail Production,Active,WASHOE
08792343110299625005,LIVFREE WELLNESS LLC A NEVADA LIMITED LIABILITY COMPANY,D050,Retail Dispensary,Active,CLARK
09127772901374202190,NULEAF SPARKS CULTIVATION LLC,C064,Retail Cultivation,Active,WASHOE
09259278323384314999,GREENLEAF ENTERPRISES INC,C050,Retail Cultivation,Active,WASHOE
09271842370730937488,ESSENCE HENDERSON LLC,RD345,Retail Dispensary,Active,CLARK
10157851668078035933,HIGH SIERRA HOLISTICS LLC,C108,Retail Cultivation,Active,WASHOE
10204272765771786596,SUNSET INVESTMENT FACILITY LLC,P097,Retail Production,Active,CLARK
10340862547948454764,NATUREX LLC,D081,Retail Dispensary,Active,CLARK
10390116224938552959,UNIFERN LLC,P116,Retail Production,Active,CLARK
10899841596112495650,MM R & D LLC,D098,Medical Dispensary,Active,CHURCHILL
11058209030610809158,ACRES MEDICAL LLC,D011,Retail Dispensary,Active,CLARK
11443721033142554219,SILVER STATE RELIEF LLC,D002,Retail Dispensary,Active,WASHOE
11679863451946958412,DOWNTOWN AP LLC,RD504,Retail Dispensary,Active,CLARK
12860017177223316229,GB SCIENCES NEVADA LLC,C019,Retail Cultivation,Active,CLARK
13109494552101077982,NATURAL MEDICINE LLC,P039,Retail Production,Active,CLARK
13244303247046007918,LEMON AIDE LLC,D090,Retail Dispensary,Active,WASHOE
13351121953140240442,MM DEVELOPMENT COMPANY INC,P034,Retail Production,Active,CLARK
13932286413907255774,DEEP ROOTS ARIA ACQCO INC,RD217,Retail Dispensary,Active,CLARK
14023272993797946504,LONE MOUNTAIN PARTNERS LLC,T048,Retail Distributor,Active,CLARK
14194022211467850983,COMMERCE PARK MEDICAL CACTUS RD329 LLC,RD329,Retail Dispensary,Active,CLARK
14387723470413703993,GRAVITAS NEVADA LTD,T033,Retail Distributor,Non-Operational,CLARK
14501073281263752947,CCLV MANUFACTURING CENTER LLC,C135,Retail Cultivation,Active,CLARK
14864731709040080608,TRYKE COMPANIES RENO LLC,D040,Retail Dispensary,Active,WASHOE
15398675340409721326,DIV HOLDINGS LLC,D192,Retail Dispensary,Active,CLARK
15464995890053145809,ESSENCE TROPICANA LLC,RD316,Retail Dispensary,Active,CLARK
15555721623971178599,LVOP HOLDINGS LLC,P102,Retail Production,Non-Operational,CLARK
15683084663955616276,NEW DIVISION LLC,P032,Retail Production,Active,CLARK
16124351110339961847,GREENLEAF ENTERPRISES INC,T037,Retail Distributor,Active,WASHOE
17334914845519714402,SSAC CORPORATION,C077,Retail Cultivation,Active,WASHOE
17355802525954961447,GTI NEVADA LLC,C088,Retail Cultivation,Active,CARSON CITY
17456701400872901775,DEEP ROOTS HARVEST INC.,P088,Retail Production,Active,CLARK
17755737390295686365,MM DEVELOPMENT COMPANY INC,C067,Retail Cultivation,Active,CLARK
17893663152257070537,LANDER LEAF GROWERS LLC,C198,Retail Cultivation,Active,LANDER
18482416987753786163,ESSENCE HENDERSON LLC,RD346,Retail Dispensary,Active,CLARK
19066445888733574338,CALIENTE PARTNERS GROUP LLC,C201,Retail Cultivation,Active,LINCOLN
19153202036386051786,SILVER SAGE WELLNESS LLC,C042,Retail Cultivation,Active,CLARK
19341969601994942557,HOLISTIC APPROACH CULTIVATION LLC,C103,Retail Cultivation,Active,WASHOE
19619496668049413129,TGIG LLC,D045,Retail Dispensary,Active,CLARK
19737703505385233285,SOUTHERN NEVADA GROWERS LLC,C139,Retail Cultivation,Active,CLARK
19873661470522818141,ESSENCE HENDERSON LLC,D042,Retail Dispensary,Active,CLARK
20833618692863727137,BAM P044 LLC,P044,Retail Production,Active,CLARK
21012999822242883351,TRYKE COMPANIES SO NV LLC,D033,Retail Dispensary,Active,CLARK
21647298952036123142,GBS NEVADA PARTNERS LLC,D015,Retail Dispensary,Active,CLARK
21781007495292162943,FOCUS DISTRIBUTION LLC,T096,Retail Distributor,Active,CLARK
22897076676795690110,AGUA STREET LLC,C157,Retail Cultivation,Active,CLARK
23003643426806888206,DED OPS NV LLC,D010,Retail Dispensary,Active,CLARK
23366229281756137118,"Production Series, a series of JUST QUALITY LLC",P085,Retail Production,Active,CLARK
24170469501580671157,PURE TONIC CONCENTRATES LLC,RD457,Retail Dispensary,Active,STOREY
24344359150856320396,INYO FINE CANNABIS DISPENSARY CORP,D071,Retail Dispensary,Active,CLARK
24665787413575467233,ZION GARDENS LLC,C173,Retail Cultivation,Active,CLARK
24840464563491081056,SOUTHERN NEVADA GROWERS LLC,T076,Retail Distributor,Active,CLARK
25048214491375101482,NEVADA HOLISTIC MEDICINE LLC,C046,Retail Cultivation,Active,CLARK
25343951714103210330,DEEP ROOTS HARVEST INC.,RD397,Retail Dispensary,Active,CLARK
25729455103203031356,DESERT AIRE WELLNESS LLC,D169,Retail Dispensary,Active,CLARK
26849340152215972256,ESSENCE TROPICANA LLC,RD318,Retail Dispensary,Active,WASHOE
27764211258972498624,CLEAR RIVER LLC,RD230,Retail Dispensary,Active,CLARK
27870466259713738680,FIDELIS HOLDINGS LLC,C132,Retail Cultivation,Active,CLARK
28332017443877189253,TGNV LLC,P016,Retail Production,Active,WASHOE
28476312257204037070,BLUE STAR PARTNERS LLC,D105,Retail Dispensary,Active,CLARK
28729875179355972226,NEVADA GROUP WELLNESS LLC,C160,Retail Cultivation,Active,CLARK
28778114311315160635,DEEP ROOTS HARVEST INC.,D200,Retail Dispensary,Active,ELKO
29097337938755289535,MBNV DISTRIBUTION T050 LLC,T050,Retail Distributor,Active,CLARK
29101803441227387589,NEVADA NATURAL MEDICINES LLC,C047,Retail Cultivation,Non-Operational,NYE
29537654627576657070,CLOVER CREEK ORGANICS L.L.C.,P142,Retail Production,Active,LINCOLN
29717689414536890016,TRYKE COMPANIES SO NV LLC,C031,Retail Cultivation,Active,CLARK
30040918290309210151,FNM HOLDINGS LLC,C105,Retail Cultivation,Active,WASHOE
30364928071399411961,HELPING HANDS WELLNESS CENTER INC,C147,Retail Cultivation,Active,CLARK
30384137740970358778,COMMERCE PARK MEDICAL RD264 LLC,RD264,Retail Dispensary,Active,CLARK
30879415424242137005,RANGE BRANDS LLC,P040,Retail Production,Active,CLARK
31181717801815759371,NLV MAYFLOWER HOLDINGS LLC,C145,Retail Cultivation,Active,CLARK
31882641465304506399,TRYKE COMPANIES RENO LLC,D026,Retail Dispensary,Active,WASHOE
31890565875531526199,PREMIUM PRODUCE LLC,P038,Retail Production,Active,CLARK
31897842738001059708,800 STILLWELL LLC,C089,Retail Cultivation,Active,WASHOE
32704290606712932888,YMY VENTURES LLC,P042,Retail Production,Active,CLARK
33067718465021979566,DEEP ROOTS HARVEST INC.,RD399,Retail Dispensary,Active,CLARK
33109597595341895101,DEP OPS NV LLC,P009,Retail Production,Active,CLARK
33333930069916107890,CLARK NMSD LLC,D186,Retail Dispensary,Active,CLARK
33560346467246600957,SUNDAE CO LLC,C188,Retail Cultivation,Active,CARSON CITY
33612007165240494267,NLVG LLC,C155,Retail Cultivation,Non-Operational,CLARK
33757554276109168008,THC PRODUCTION LLC,P017,Retail Production,Active,CLARK
34243875109059614286,WSCC INC,D111,Retail Dispensary,Active,WASHOE
34299986630191194451,ESSENCE HENDERSON LLC,RD348,Retail Dispensary,Active,CARSON CITY
34497079237706414213,NYE NATURAL MEDICINAL SOLUTIONS LLC,P107,Retail Production,Active,NYE
34561668875912663393,HEALTHCARE OPTIONS FOR PATIENTS ENTERPRISES LLC,P064,Retail Production,Active,CLARK
34770158846525926783,ACRES MEDICAL LLC,P011,Retail Production,Active,CLARK
34783954003475226897,LETTUCETEST LLC,L006,Retail Laboratory,Active,CLARK
35051929286907100905,NEW DIVISION LLC,C055,Retail Cultivation,Active,CLARK
35113918658385474933,3480 HACIENDA PARTNERS LLC,P035,Retail Production,Active,CLARK
35921128494419615677,LUCID MANAGEMENT LLC,RD456,Retail Dispensary,Active,HUMBOLDT
36011146770937512646,THOMPSON FARM ONE LLC,C156,Retail Cultivation,Active,CLARK
36111143425969416428,EUPHORIA WELLNESS LLC,P089,Retail Production,Active,CLARK
36506856230444373665,TWELVE TWELVE LLC,C119,Retail Cultivation,Active,CLARK
36812277747948686823,SOLACE ENTERPRISES LLC,C076,Retail Cultivation,Active,CLARK
36845781847213708344,MATRIX NV LLC,P095,Retail Production,Active,CLARK
36853260737760020901,POLARIS WELLNESS CENTER LLC,P114,Retail Production,Active,CLARK
36940245239064189256,WELLNESS & CAREGIVERS OF NEVADA NLV LLC,P049,Retail Production,Active,CLARK
37194813876768896252,NYE NATURAL MEDICINAL SOLUTIONS LLC,T065,Retail Distributor,Active,NYE
38120054593314237201,LONE MOUNTAIN PARTNERS LLC,P077,Retail Production,Active,CLARK
38329603677293790867,FSWFL LLC,C138,Retail Cultivation,Non-Operational,CLARK
38420410922892257960,GREEN LIFE PRODUCTIONS LLC,C146,Retail Cultivation,Active,NYE
40050104995800309174,CHEYENNE MEDICAL SAMMY DAVIS RD263 LLC,RD263,Retail Dispensary,Active,CLARK
40056792267279269644,GREEN LIFE PRODUCTIONS LLC,T035,Retail Distributor,Active,NYE
41146840808916745728,CCLV PRODUCTION LLC,P008,Retail Production,Active,CLARK
41491863218758323982,TRNVD670 LLC,RD670,Retail Dispensary,Active,HUMBOLDT
41608878118736307569,DEEP ROOTS ARIA ACQCO INC,RD218,Retail Dispensary,Active,CLARK
42779873098977009443,PRODUCTION AP LLC,P018,Retail Production,Active,CLARK
42801984540428281831,WELLNESS & CAREGIVERS OF NEVADA II LLC,C118,Retail Cultivation,Active,CLARK
42836696676159179870,CIRCLE S FARMS LLC,C148,Retail Cultivation,Active,CLARK
42964757214640794936,CLARK NMSD LLC,D187,Retail Dispensary,Active,CLARK
43145225960370597103,NLVG LLC,P082,Retail Production,Non-Operational,CLARK
43388435085849646312,DEEP ROOTS ARIA ACQCO INC,RD221,Retail Dispensary,Active,NYE
43490264137335866974,ESSENCE TROPICANA LLC,RD319,Retail Dispensary,Active,CLARK
43755076185517777908,CONGERIEM 3 LLC,RD594,Retail Dispensary,Active,ESMERALDA
43766627397168972639,FIDELIS HOLDINGS LLC,D159,Retail Dispensary,Active,CLARK
44563284956259379216,LONE MOUNTAIN PARTNERS LLC,RD592,Retail Dispensary,Active,CLARK
44593280192084310982,CHEYENNE MEDICAL LLC,D028,Retail Dispensary,Active,CLARK
44613767467345472019,DEEP ROOTS HARVEST INC.,D165,Retail Dispensary,Active,CLARK
44883920913662445208,PREMIUM PRODUCE LLC,C033,Retail Cultivation,Active,CLARK
44967653318399830596,DPL NV LLC,L015,Retail Laboratory,Active,CLARK
45124567643462616034,MINT CULTIVATION NV LLC,P007,Retail Production,Non-Operational,CLARK
45333337224974981554,HIGH SIERRA HOLISTICS LLC,RD665,Retail Dispensary,Active,LYON
45452459135682728564,GREENWAY MEDICAL LLC,C018,Retail Cultivation,Active,CLARK
45550027572824324494,NEVADAPURE LLC,C026,Retail Cultivation,Active,CLARK
45779336388196486818,SILVER BLACK ATTACK LLC,C014,Retail Cultivation,Active,CLARK
46100778561169443516,G3 LABS LLC,L007,Retail Laboratory,Active,CLARK
46177828217679739988,GREENSCAPE PRODUCTIONS LLC,P080,Retail Production,Active,CLARK
46934338604709544132,KYND-STRAINZ LLC,D110,Retail Dispensary,Active,WASHOE
47094106326314465305,CARSON CITY AGENCY SOLUTIONS LLC,P070,Retail Production,Active,CARSON CITY
47182081583508846760,RETAIL FACILITIES OPERATIONS NV LLC,D092,Retail Dispensary,Active,CLARK
48154658590044707064,NEVADA GROUP WELLNESS LLC,P103,Retail Production,Active,CLARK
48202177934598005793,ESSENCE TROPICANA LLC,RD317,Retail Dispensary,Active,CLARK
48309202150183437033,SILVER SAGE WELLNESS LLC,D049,Retail Dispensary,Active,CLARK
48573289589249273073,NATURAL MEDICINE LLC,D089,Retail Dispensary,Active,Clark
48581446096638497899,MBNV GT LLC,C082,Retail Cultivation,Active,CLARK
49035067150536429938,WAVESEER OF LAS VEGAS LLC,P053,Retail Production,Active,CLARK
49050217089132565292,UNIFERN LLC,C179,Retail Cultivation,Active,CLARK
49988620104464639364,YMY VENTURES LLC,C051,Retail Cultivation,Active,CLARK
50474160252959804517,NABISIX LLC,T003,Retail Distributor,Active,WASHOE
50672104256468641763,TGIG LLC,P025,Retail Production,Active,CLARK
50748233769645953480,NATUREX II LLC,D080,Retail Dispensary,Active,CLARK
50908730033762851212,CANNAVATIVE FARMS LLC,C071,Retail Cultivation,Active,WASHOE
51266222807288437193,DEEP ROOTS ARIA ACQCO INC,D152,Retail Dispensary,Active,CLARK
51876830467987506091,NATURAL MEDICINE LLC,C052,Retail Cultivation,Active,CLARK
52055082544233112314,WELLNESS & CAREGIVERS OF NEVADA NLV LLC,C102,Retail Cultivation,Active,CLARK
52125541619394980552,GTI NEVADA LLC,D097,Retail Dispensary,Active,WASHOE
52453211787476290375,SILVER STATE RELIEF LLC,RD400,Retail Dispensary,Active,WASHOE
52625545245998432280,POLARIS WELLNESS CENTER LLC,C168,Retail Cultivation,Active,CLARK
52712498758628776807,3AP INC,C074,Retail Cultivation,Active,CLARK
53116055364203491071,SOLACE ENTERPRISES LLC,P046,Retail Production,Active,CLARK
53908146183081867945,HELPING HANDS WELLNESS CENTER INC,P092,Retail Production,Active,CLARK
54135769938859220718,ESSENCE TROPICANA LLC,D043,Retail Dispensary,Active,CLARK
54283805068313943868,GLP LAS VEGAS LLC,D138,Retail Dispensary,Active,CLARK
54535922714915823296,NEVADA HOLISTIC MEDICINE LLC,D053,Retail Dispensary,Active,CLARK
54588636135598286871,NULEAF CLARK DISPENSARY LLC,D065,Retail Dispensary,Active,CLARK
54843900353627537885,MM DEVELOPMENT COMPANY INC,C003,Retail Cultivation,Active,CLARK
54980305084297438991,THC NEVADA LLC,C030,Retail Cultivation,Active,CLARK
55363208938053798722,NATURAL MEDICINE LLC,D091,Retail Dispensary,Active,CLARK
55910347793434478299,SERENITY WELLNESS CENTER LLC,D046,Retail Dispensary,Active,CLARK
55959028344138859769,MEDICAL CANNABIS HEALING LLC,C178,Retail Cultivation,Active,CLARK
56426800972005264608,TRYKE COMPANIES SO NV LLC,D030,Retail Dispensary,Active,CLARK
56587702954468594911,STRATA GROWTH LLC,C130,Retail Cultivation,Active,NYE
56859471821919325427,SF-D INC,D012,Retail Dispensary,Active,CLARK
57013223548758955335,ACRES CULTIVATION LLC,C013,Retail Cultivation,Active,NYE
57228409765781650784,NEVADA WELLNESS CENTER WEST LLC,RD505,Retail Dispensary,Active,CLARK
58417803212814915538,WELLNESS CONNECTION OF NEVADA LLC,RD633,Retail Dispensary,Active,CLARK
59173856084611315340,HH SUB II LLC,RD546,Retail Dispensary,Active,CLARK
59239887350322215968,INTEGRAL PRODUCTION LLC,P020,Retail Production,Active,CLARK
59240477366367737854,ZENWAY CORP,C140,Retail Cultivation,Active,CLARK
59287610826909824091,DEEP ROOTS ARIA ACQCO INC,D107,Retail Dispensary,Active,CLARK
59947598683440960996,HIGH SIERRA HOLISTICS LLC,P069,Retail Production,Active,WASHOE
59957937698775278559,SILVER STATE WELLNESS LLC,C101,Retail Cultivation,Active,CLARK
60040931748706185991,HAPPY CABBAGE LLC,C035,Retail Cultivation,Active,NYE
60209124011694020439,SENSIBLE EDIBLES LLC,P031,Retail Production,Active,WASHOE
60232754740405315836,HH SUB I LLC,RD548,Retail Dispensary,Active,CLARK
60481353847758083620,TRYKE COMPANIES SO NV LLC,T084,Retail Distributor,Active,CLARK
60617213048329483143,FIDELIS HOLDINGS LLC,C133,Retail Cultivation,Non-Operational,CLARK
60784621649758886862,DEEP ROOTS HARVEST INC,T095,Retail Distributor,Active,CLARK
61179392211013199930,SSAC D1 LLC,D060,Retail Dispensary,Non-Operational,WASHOE
61301779234796117347,CLARK NATURAL MEDICINAL SOLUTIONS LLC,C165,Retail Cultivation,Active,CLARK
61611537222691531848,SERENITY WELLNESS PRODUCTS LLC,T073,Retail Distributor,Active,CLARK
62002429809099661968,GREEN THERAPEUTICS LLC,P055,Retail Production,Active,CLARK
62288713970409249760,CLEAR RIVER LLC,T020,Retail Distributor,Active,CLARK
62340865056138997248,INTEGRAL CULTIVATION LLC,T043,Retail Distributor,Active,CLARK
62474301567586344896,MM DEVELOPMENT COMPANY INC,D006,Retail Dispensary,Active,CLARK
63179017136792237088,JADE SKY POINTE LLC,RD591,Retail Dispensary,Active,CLARK
63823018604028060344,DUNE PROCO LLC,P087,Retail Production,Active,CLARK
63823593017866205802,ARARAT WINE AND LIQUOR WHOLESALE INC,T094,Retail Distributor,Active,CLARK
63918266150160688897,LAS VEGAS WELLNESS AND COMPASSION LLC,C137,Retail Cultivation,Active,CLARK
64345737726226352455,LIVFREE WELLNESS LLC,RD547,Retail Dispensary,Active,CLARK
64364789010887954474,TONOPAH FARM LLC,P120,Retail Production,Active,ESMERALDA
64396246475438768402,NCMM LLC,P099,Retail Production,Active,NYE
65689461925309882262,FSWFL LLC,P086,Retail Production,Active,CLARK
65945966941949057205,VC CONSULTANTS LLC,RD229,Retail Dispensary,Active,CLARK
66506752367319977952,GRAVITAS NEVADA LTD,P013,Retail Production,Active,CLARK
66529987864286045247,VEGAS VALLEY GROWERS NORTH LLC,C007,Retail Cultivation,Active,CLARK
66617546095474151491,SILVER STATE WELLNESS LLC,P051,Retail Production,Active,CLARK
66727918448382181540,GREEN THERAPEUTICS LLC,C083,Retail Cultivation,Active,CLARK
67122044441374722164,MESA OILS LLC,P073,Retail Production,Active,CLARK
67137974857763470339,SILVER SAGE WELLNESS LLC,P022,Retail Production,Active,CLARK
67152141156911857339,NULEAF RENO PRODUCTION LLC,P061,Retail Production,Active,WASHOE
67391843247886555156,NEVADAPURE LLC,D019,Retail Dispensary,Active,CLARK
67501179020484699802,GLP LAS VEGAS LLC,D178,Retail Dispensary,Active,CLARK
67664169559680064201,NATURAL MEDICINE LLC,D145,Retail Dispensary,Active,CLARK
67921128221276401437,TONOPAH FARM LLC,C184,Retail Cultivation,Active,ESMERALDA
68051053914819427603,MM DEVELOPMENT COMPANY INC,T051,Retail Distributor,Active,CLARK
68465280204941344633,CLARK NATURAL MEDICINAL SOLUTIONS LLC,P108,Retail Production,Active,CLARK
68654169444367146618,374 LABS LLC,L012,Retail Laboratory,Active,WASHOE
69204305475717257553,DB LABS LLC,L003,Retail Laboratory,Active,CLARK
69272354565432352821,GTI NEVADA LLC,P057,Retail Production,Active,CARSON CITY
69404716747838939574,NV 3480 PARTNERS LLC,C058,Retail Cultivation,Active,CLARK
69687373559494639347,TGIG LLC,T081,Retail Distributor,Active,NYE
69823478351682033556,CULTIVATION AP LLC,C037,Retail Cultivation,Active,CLARK
70155083229545863037,INTEGRAL CULTIVATION LLC,C028,Retail Cultivation,Active,CLARK
71064968398758187793,SILVER STATE RELIEF LLC,D204,Retail Dispensary,Active,LYON
71224329369156133247,LIVFREE WELLNESS LLC A NEVADA LIMITED LIABILITY COMPANY,D051,Retail Dispensary,Active,CLARK
71702389611437559364,LIVFREE WELLNESS LLC A NEVADA LIMITED LIABILITY COMPANY,D017,Retail Dispensary,Active,WASHOE
72326121663352213340,CANNAVATIVE EXTRACTS LLC,P043,Retail Production,Active,WASHOE
72379193611776921142,LONE MOUNTAIN PARTNERS LLC,RD590,Retail Dispensary,Active,CLARK
73000340130776760476,DEEP ROOTS HARVEST INC.,C070,Retail Cultivation,Active,CLARK
73296521059198028231,PURE TONIC CONCENTRATES LLC,P067,Retail Production,Active,WASHOE
73911129313774416305,FORTRESS EQUITIES ORCL LLC,C011,Retail Cultivation,Active,NYE
74226113309081700669,ALTERNATIVE MEDICINE ASSOCIATION LC,P096,Retail Production,Active,CLARK
74948399079730658451,GREENSCAPE PRODUCTIONS LLC,C136,Retail Cultivation,Active,CLARK
75203668337906025844,CLEAR RIVER LLC,D108,Retail Dispensary,Active,CLARK
75650075113718192894,DEEP ROOTS ARIA ACQCO INC,C062,Retail Cultivation,Active,NYE
75726821461576041628,CORLEONE WINES LLC,T001,Retail Distributor,Active,CLARK
76170147149504770817,MM DEVELOPMENT COMPANY INC,RD215,Retail Dispensary,Active,CLARK
76684918131687038904,CIRCLE S FARMS LLC,T019,Retail Distributor,Active,CLARK
76816813303097791333,GLOBAL HARMONY LLC,D004,Retail Dispensary,Active,CLARK
76890766994970149940,ACRES CULTIVATION LLC,P012,Retail Production,Active,NYE
77486514896179438118,SERENITY WELLNESS GROWERS LLC,C039,Retail Cultivation,Active,CLARK
77505483208802721121,COMMERCE PARK MEDICAL LLC,D027,Retail Dispensary,Active,CLARK
77632992333764442110,SOUTHERN NEVADA GROWERS LLC,C142,Retail Cultivation,Active,CLARK
77903356343424586888,NULEAF INCLINE DISPENSARY LLC,D068,Retail Dispensary,Active,WASHOE
78144331956059463801,TRNVP098 LLC,P098,Retail Production,Active,CLARK
78183023264727429508,CLEAR RIVER LLC,D087,Retail Dispensary,Active,CLARK
78652642552793589227,VEGAS VALLEY GROWERS LLC,C006,Retail Cultivation,Active,CLARK
78954038908132787261,LONE MOUNTAIN PARTNERS LLC,C122,Retail Cultivation,Active,CLARK
79484750509886968559,SERENITY WELLNESS PRODUCTS LLC,P024,Retail Production,Active,CLARK
79705307867248690408,REDWOOD WAREHOUSE LLC,T071,Retail Distributor,Active,CLARK
79761996911533444360,CIRCLE S FARMS LLC,P093,Retail Production,Active,CLARK
79806207400948405980,BAM C144 LLC,C144,Retail Cultivation,Active,CLARK
79925795421142703661,TRNVC151 LLC,C151,Retail Cultivation,Active,CLARK
80395085734400669278,3AP INC,T008,Retail Distributor,Active,CLARK
80830710815182018092,DIVERSIFIED MODALITIES MARKETING LTD,C152,Retail Cultivation,Non-Operational,CLARK
80837442451882742542,BCCNEVADA LLC,P037,Retail Production,Active,CARSON CITY
80858076313151684223,DEC OPS NV LLC,C010,Retail Cultivation,Active,CLARK
81025571831032623431,MBNV INVESTMENTS LLC,C078,Retail Cultivation,Active,CLARK
81154974231636348055,GREENLEAF WELLNESS INC,D056,Retail Dispensary,Active,WASHOE
81521595921502470043,MA & ASSOCIATES LLC,L002,Retail Laboratory,Active,CLARK
82173569886482063410,VEGAS VALLEY GROWERS LLC,P006,Retail Production,Active,CLARK
82242105356156705653,TGIG LLC,C041,Retail Cultivation,Active,CLARK
82874714255089649168,NYE NATURAL MEDICINAL SOLUTIONS LLC,C166,Retail Cultivation,Active,NYE
83760475147127946601,WAVESEER OF LAS VEGAS LLC,D132,Retail Dispensary,Active,CLARK
84492500962215939022,DB PROCESSING LLC,P132,Retail Production,Active,LINCOLN
84716656554039635124,EUPHORIA WELLNESS LLC,D161,Retail Dispensary,Active,CLARK
85529550360873527457,ALTERNATIVE MEDICINE ASSOCIATION LC,C087,Retail Cultivation,Active,CLARK
85577035657658637557,CHEYENNE MEDICAL RENO RD265 LLC,RD265,Retail Dispensary,Active,WASHOE
86197696254559983253,NEVADA GROUP WELLNESS LLC,T053,Retail Distributor,Active,CLARK
86917349659898787217,HEALING GARDENS LLC,C065,Retail Cultivation,Active,WASHOE
87529746323214502953,REDWOOD WAREHOUSE LLC,C029,Retail Cultivation,Active,CLARK
88066209745143423581,HIGH SIERRA HOLISTICS LLC,RD219,Retail Dispensary,Active,WASHOE
88234039028324550335,GRAVITAS NEVADA LTD,C017,Retail Cultivation,Active,CLARK
88485267558396597365,NEVADA WHOLESALERS LLC,T005,Retail Distributor,Active,WASHOE
88979305974946506142,BCCNEVADA LLC,C054,Retail Cultivation,Non-Operational,CARSON CITY
89159011597971380984,SUNDAE CO LLC,P124,Retail Production,Active,CARSON CITY
89468956878290453653,DEEP ROOTS HARVEST INC.,RD398,Retail Dispensary,Active,CLARK
89609808832073380382,VEGAS VALLEY GROWERS NORTH LLC,T087,Retail Distributor,Active,Clark
89946375130130279835,MATRIX NV LLC,C150,Retail Cultivation,Active,CLARK
90871747675505722966,MATRIX NV LLC,T049,Retail Distributor,Active,CLARK
90933499176351138997,TRYKE COMPANIES SO NV LLC,P021,Retail Production,Active,CLARK
91478689709272683797,PURE TONIC CONCENTRATES LLC,T069,Retail Distributor,Active,WASHOE
91781014075623623744,ERP LLC,L008,Retail Laboratory,Active,CLARK
91945512284376080256,LAS VEGAS WELLNESS AND COMPASSION LLC,P045,Retail Production,Active,CLARK
92756922633355597858,WAVESEER OF LAS VEGAS LLC,T088,Retail Distributor,Active,CLARK
93968461789695028039,NEVADA WELLNESS CENTER LLC,D009,Retail Dispensary,Active,CLARK
94529609730879618408,SOUTHERN NEVADA GROWERS LLC,P090,Retail Production,Active,CLARK
94990085567833686204,CLOVER CREEK ORGANICS L.L.C.,C195,Retail Cultivation,Active,LINCOLN
95048400048491208130,GB SCIENCES LAS VEGAS LLC,P075,Retail Production,Active,CLARK
95236492630065454507,FIDELIS HOLDINGS LLC,P081,Retail Production,Active,CLARK
95291970896852649642,MINT CULTIVATION NV LLC,C008,Retail Cultivation,Non-Operational,CLARK
95511225987908029386,CLEAR RIVER LLC,P047,Retail Production,Active,CLARK
95697016138994411312,SILVER STATE CULTIVATION LLC,C001,Retail Cultivation,Active,WASHOE
96039018489825397587,WAVESEER OF LAS VEGAS LLC,C079,Retail Cultivation,Active,CLARK
96417488157624490728,MEDICAL CANNABIS HEALING LLC,P112,Retail Production,Active,CLARK
96811174139333626999,VEGAS VALLEY GROWERS NORTH LLC,P005,Retail Production,Active,Clark
96822610504919713285,TGIG LLC,D048,Retail Dispensary,Active,NYE
97028286992913304766,GTI NEVADA LLC,D099,Retail Dispensary,Active,CARSON CITY
97595215455267957025,DEP OPS NV LLC,T021,Retail Distributor,Active,CLARK
98430516431235510618,NEVADA NATURAL MEDICINES LLC,P028,Retail Production,Non-Operational,NYE
98838912295560620335,NABISIX LLC,T002,Retail Distributor,Active,CLARK
98843691805539755867,NEVADAPURE LLC,T057,Retail Distributor,Active,CLARK
99035327095322531299,LVC D LLC,T089,Retail Distributor,Active,CLARK
99035327095322531323,ACRES DISPENSARY LLC,D208,Retail Dispensary,Active,WHITE PINE
99035327095322531329,ACRES MEDICAL LLC,T012,Retail Distributor,Active,CLARK
99035327095322531357,H & K GROWERS CORP,C197,Retail Cultivation,Active,ELKO
99035327095322531359,BAM T055 LLC,T055,Retail Distributor,Active,CLARK
99035327095322531382,ALTERNATIVE MEDICINE ASSOCIATION LC,T013,Retail Distributor,Active,CLARK
99035327095322531387,PURE GROWERS LLC,C200,Retail Cultivation,Non-Operational,LANDER
99035327095322531388,PURE GROWERS LLC,P137,Retail Production,Non-Operational,LANDER
99035327095322531389,EUPHORIA WELLNESS LLC,T027,Retail Distributor,Active,CLARK
99035327095322531403,VERTICAL HORIZON LLC,C205,Retail Cultivation,Active,ELKO
99035327095322531404,VERTICAL HORIZON LLC,P136,Retail Production,Active,ELKO
99035327095322531407,MILLER FARMS LLC,C189,Retail Cultivation,Active,HUMBOLDT
99035327095322531408,NATURAL MEDICINE LLC,T077,Retail Distributor,Active,CLARK
99035327095322531410,DUNE OPERATING HOLDINGS LLC,C175,Retail Cultivation,Active,CLARK
99035327095322531415,POLARIS WELLNESS CENTER LLC,T068,Retail Distributor,Active,CLARK
99035327095322531417,SILVER SAGE WELLNESS LLC,T074,Retail Distributor,Active,CLARK
99035327095322531423,WELLNESS CONNECTION OF NEVADA LLC,C167,Retail Cultivation,Active,CLARK
99035327095322531424,WELLNESS CONNECTION OF NEVADA LLC,P109,Retail Production,Active,CLARK
99035327095322531433,DEEP ROOTS HARVEST INC,T024,Retail Distributor,Active,Clark
99035327095322531435,MM DEVELOPMENT COMPANY INC,CLA001,Retail Lounge,Active,CLARK
99035327095322531436,CHEYENNE MEDICAL SAMMY DAVIS RD263 LLC,CLA002,Retail Lounge,Active,CLARK
99035327095322531446,TGIG LLC,CLA009,Retail Lounge,Active,CLARK
99035327095322531454,INTERNATIONAL SERVICE AND REBUILDING INC,C211,Retail Cultivation,Active,LYON
99035327095322531455,INTERNATIONAL SERVICE AND REBUILDING INC,P141,Retail Production,Active,LYON
99035327095322531456,MOMS MEDS MANAGEMENT L.L.C.,C203,Retail Cultivation,Active,MINERAL
99035327095322531457,MOMS MEDS MANAGEMENT L.L.C.,P135,Retail Production,Active,MINERAL
99035327095322531458,FTLB LLC,C210,Retail Cultivation,Active,ESMERALDA
99035327095322531459,FTLB LLC,P140,Retail Production,Active,ESMERALDA
99035327095322531467,800 STILLWELL LLC,P058,Retail Production,Active,WASHOE
99035327095322531471,TRUE HARMONY COMPANY LLC,C219,Retail Cultivation,Active,WHITE PINE
99239503170358118250,GLOBAL HARMONY LLC,C002,Retail Cultivation,Active,CLARK
99623073790024492400,ZENERGY ONE LLC,C093,Retail Cultivation,Active,CLARK
99935327095322531205,NV CANN LABS LLC,L001,Retail Laboratory,Active,CLARK
