License_Number,Business_Name,Legal_Name,License_Type,Status,Expiration_Date,Street,City,State,ZIP,County,Endorsement,SOS_Registration_Number
050-3054,Smooth Roots Multnomah,SR OREGON MULTNOMAH LLC,RECREATIONAL RETAILER,ACTIVE,04/03/2027,3005,Sw Multnomah Blvd Portland,OR,97219-3701,Multnomah,Marijuana Home Delivery,
050-3059,Tumbleweed Cannabis Co.,NEW FRONTIER LLC,RECREATIONAL RETAILER,ACTIVE,04/04/2027,310 HIGHWAY 20,N Hines,OR,97738,Harney,Marijuana Home Delivery,
050-3131,Terpene Station,ADDISIAN LLC,RECREATIONAL RETAILER,EXPIRED,04/30/2025,645 RIVER RD STE 3,Eugene,OR,97404-3288,Lane,Medical Marijuana Retailer,
050-3134,High Lakes Cannabis Company,HIGH LAKES CANNABIS COMPANY LLC,RECREATIONAL RETAILER,ACTIVE,*,593 JACKSON ST E 597,Jackson St E Monmouth,OR,97361-1513,Polk,Marijuana Home Delivery,
050-3480,The Farmers Daughters,THE FARMERS DAUGHTERS DISPENSARY LLC,RECREATIONAL RETAILER,ACTIVE,05/20/2026,1025 CHETCO AVE # 4,,OR,,,,
050-3658,Stone Age Farmacy,NEW FRONTIER LLC,RECREATIONAL RETAILER,ACTIVE,06/02/2026,8621,Sw Canyon Dr Portland,OR,97225-3436,Washington,Marijuana Home Delivery,
050-3716,Emerald Triangle Dispensary,ZACHARY KOHLER,RECREATIONAL RETAILER,ACTIVE,*,3388,Merlin Rd Grants Pass,OR,97526-8421,Josephine,Marijuana Home Delivery,
050-3904,Minions,MINIONS LLC,RECREATIONAL RETAILER,ACTIVE,07/27/2026,3700 RIVER RD N STE 9,,OR,,,,
050-3915,Stinkin Budz,SWEET ANGEL LLC,RECREATIONAL RETAILER,ACTIVE,07/30/2026,1040,Commercial St Se Salem,OR,97302-4112,Marion,Medical Marijuana Retailer,
050-4560,ADNA,NEW FRONTIER LLC,RECREATIONAL RETAILER,ACTIVE,08/29/2026,1681 W 7TH,Ave Eugene,OR,97402-4309,Benton,Marijuana Home Delivery,
050-4747,Twenty After Four Wellness,420 BLAIR BLVD.CORP,RECREATIONAL RETAILER,ACTIVE,09/04/2026,420 BLAIR BLVD UNIT A,,OR,,,,
050-4903,Verdaze,MGF HOLDINGS LLC,RECREATIONAL RETAILER,ACTIVE,09/08/2026,7501 SW CAPITOL HWY STE A,,OR,,,,
050-5503,Sensible Cannabis Company,PAC NW VENTURES LLC,RECREATIONAL RETAILER,ACTIVE,09/23/2026,1917 SE 7TH,Ave Portland,OR,97214-4601,Multnomah,Marijuana Home Delivery,
050-5608,Home Grown Apothecary,CELESTIAL LION LLC.,RECREATIONAL RETAILER,ACTIVE,09/25/2026,1937,Ne Pacific St Portland,OR,97232-2211,Multnomah,Marijuana Home Delivery,
050-6040,The Bakery,KIT JOHNSTON,RECREATIONAL RETAILER,ACTIVE,10/07/2026,160 W 3RD,St Lafayette,OR,97127-9165,Yamhill,Marijuana Home Delivery,
050-6104,Stone Age Farmacy,NEW FRONTIER LLC,RECREATIONAL RETAILER,ACTIVE,10/08/2026,12550,Se Division St Portland,OR,97236-3130,Multnomah,Medical Marijuana Retailer,
050-6674,Thur's Smoke Shop,THUR'S SMOKE SHOP LLC,RECREATIONAL RETAILER,ACTIVE,10/24/2026,2380,N Verde Dr Ontario,OR,97914-1102,Malheur,Marijuana Home Delivery,
050-6822,ASAP Buds Collective,HABIBI HOLDINGS LLC,RECREATIONAL RETAILER,ACTIVE,10/29/2026,105 NE 8TH AVE STE B,,OR,,,,
050-7275,Herbal Choices,NP RETAIL INC,RECREATIONAL RETAILER,ACTIVE,11/10/2026,1110 13TH,St Se Salem,OR,97302-2598,Marion,Medical Marijuana Retailer,
050-7694,The Weeds,APEQN CORPORATION,RECREATIONAL RETAILER,ACTIVE,11/20/2026,2175,S Santiam Hwy Lebanon,OR,97355-3045,Linn,Marijuana Home Delivery,
050-7974,FYRE,THUROW PRODUCTIONS LLC,RECREATIONAL RETAILER,ACTIVE,12/01/2025,2650,Ne Division St Bend,OR,97703-3569,Deschutes,Marijuana Home Delivery,
050-8703,Sensible Cannabis Co,PAC NW VENTURES LLC,RECREATIONAL RETAILER,ACTIVE,12/25/2026,10655 SE 42ND,Ave Milwaukie,OR,97222-5251,Clackamas,Medical Marijuana Retailer,
050-8714,Mystic Moss,MYSTIC MOSS LLC,RECREATIONAL RETAILER,ACTIVE,12/25/2026,119 SW 4TH,St Corvallis,OR,97333-4711,Benton,Marijuana Home Delivery,
050-9260,Up N Smoke,HASHIRE LLC,RECREATIONAL RETAILER,ACTIVE,01/15/2026,1487,Broadway St Ne Salem,OR,97301-1427,Marion,Marijuana Home Delivery,226580496
050-9549,Hash It Out,HASH IT OUT LLC,RECREATIONAL RETAILER,ACTIVE,01/27/2027,783,S Broadway Coos Bay,OR,97420-1541,Coos,Marijuana Home Delivery,01861205-7
050-9985,Space Camp,SPACE CAMP LLC,RECREATIONAL RETAILER,ACTIVE,02/06/2027,7536,Ne Martin Luther King Blvd Portland,OR,97211-2830,Multnomah,Marijuana Home Delivery,
050-11620,A&B,A&B RETAIL CONCEPTS LLC,RECREATIONAL RETAILER,ACTIVE,03/25/2027,4565 NE 60TH,Ave Portland,OR,97218-2606,Multnomah,Marijuana Home Delivery,
050-11681,Moss Crossing,MOSS CROSS LLC,RECREATIONAL RETAILER,ACTIVE,03/26/2027,2751,Friendly St Eugene,OR,97405-2254,Lane,Marijuana Home Delivery,01867640-7
050-12602,TJ's Downtown Eugene,TJ'S DOWNTOWN EUGENE LLC,RECREATIONAL RETAILER,ACTIVE,04/17/2026,1027,Willamette St Eugene,OR,97401-3113,Lane,Marijuana Home Delivery,
050-12696,Truth Dispensary,HERBAL REMEDIES 2 INC,RECREATIONAL RETAILER,ACTIVE,04/20/2026,1025,Lancaster Dr Se Salem,OR,97317-5836,Marion,Marijuana Home Delivery,
050-12752,Cookies,L&M CO LLC,RECREATIONAL RETAILER,ACTIVE,04/21/2026,1158 HIGH ST STE 101,,OR,,,,
050-13324,Substance,BLOOM WELL INC,RECREATIONAL RETAILER,ACTIVE,*,315 2ND,Ave Gold Hill,OR,97525-9509,Jackson,Marijuana Home Delivery,
050-13327,Substance,BLOOM WELL INC,RECREATIONAL RETAILER,ACTIVE,*,1526,Siskiyou Blvd Ashland,OR,97520-2406,Jackson,Marijuana Home Delivery,
050-13921,WEST COAST ORGANICS,LUCKY NUMBER 7 LLC,RECREATIONAL RETAILER,ACTIVE,05/14/2026,855,Railroad St Brookings,OR,97415-9697,Curry,,01881998-6
050-14106,High Quality,HQ II LLC,RECREATIONAL RETAILER,ACTIVE,05/19/2026,580,Sw Twin Oaks Cir Corvallis,OR,97333-1115,Benton,Marijuana Home Delivery,
050-14145,Medizen,VWC HOLDINGS,RECREATIONAL RETAILER,ACTIVE,05/20/2026,4069 NE MARTIN LUTHER KING JR BLVD STE A,,OR,,,,
050-14165,Sugarbud,KOLA BRAND LLC,RECREATIONAL RETAILER,INACTIVE,05/21/2026,18066,Ne Airport Way Gresham,OR,97230,Multnomah,Marijuana Home Delivery,017224987
050-14360,Bud’s,AVE MARIA LLC,RECREATIONAL RETAILER,ACTIVE,05/22/2026,101,S Riverside Ave Medford,OR,97501-7234,Jackson,Medical Marijuana Retailer,
050-14983,SkunkRX,ROGUE RIVER FAMILY FARMS LLC,RECREATIONAL RETAILER,ACTIVE,06/08/2026,8979,Rogue River Hwy Ste B Grants Pass,OR,97527-4377,Jackson,Medical Marijuana Retailer,
050-15299,Oregon Cannabis Mart,PARRISH LLC,RECREATIONAL RETAILER,ACTIVE,*,10055,Ne Glisan St Portland,OR,97220-4455,Multnomah,,
050-15715,Emerald Triangle Dispensary,NORTH STAR CANNABIS LLC,RECREATIONAL RETAILER,ACTIVE,06/23/2026,838,Pacific Blvd Se Albany,OR,97321-3207,Linn,Marijuana Home Delivery,01867348-2
050-16049,CBN Astoria,CBN ASTORIA INC,RECREATIONAL RETAILER,ACTIVE,07/01/2026,1169,Commercial St Astoria,OR,97103-4125,Clatsop,Marijuana Home Delivery,
050-16398,Green Lion,MISS ORGANIC LLC,RECREATIONAL RETAILER,ACTIVE,07/09/2026,17030,Se Mcloughlin Blvd Portland,OR,97267-4960,Clackamas,Marijuana Home Delivery,
050-16507,Sandy Retail,THE SESSION LLC,RECREATIONAL RETAILER,ACTIVE,07/13/2026,7420,Ne Sandy Blvd Portland,OR,97213-5760,Multnomah,Medical Marijuana Retailer,
050-17171,Flavel Flave LLC,BROTHERS CANNABIS CLUB LLC,RECREATIONAL RETAILER,ACTIVE,07/28/2026,8124 SE 6TH,Ave Portland,OR,97202-6861,Multnomah,,
050-17322,The Toke Shop LLC,THE TOKE SHOP LLC,RECREATIONAL RETAILER,ACTIVE,07/30/2026,1853 2ND,St Springfield,OR,97477-2121,Lane,,
050-18553,Canna Bros.,RIVERGLASS SHOP LLC,RECREATIONAL RETAILER,ACTIVE,09/03/2026,140,Detroit Ave Detroit,OR,97342,Marion,Medical Marijuana Retailer,
050-18769,Very Good Plus,NOW OPEN LLC,RECREATIONAL RETAILER,ACTIVE,09/08/2026,809,Ne Harlow Rd Troutdale,OR,97060-9511,Multnomah,,OR
050-18963,Jayne,HERBAN LLC,RECREATIONAL RETAILER,ACTIVE,09/14/2026,2145,Ne Martin Luther King Jr Blvd Portland,OR,97212-3725,Multnomah,Marijuana Home Delivery,
050-19136,High Quality,HQ II LLC,RECREATIONAL RETAILER,ACTIVE,09/17/2026,1435 NW 9TH ST STE 120,,OR,,,,
050-20085,Green Gratitude,HERBAN LLC,RECREATIONAL RETAILER,ACTIVE,10/16/2026,10322,Se Holgate Blvd Portland,OR,97266-2421,Multnomah,Marijuana Home Delivery,
050-20408,TJ's By the Bridge,TJ'S BY THE BRIDGE LLC,RECREATIONAL RETAILER,ACTIVE,10/27/2026,729,Se Powell Blvd Portland,OR,97202,Multnomah,Marijuana Home Delivery,
050-20611,Newport Cannabis,PARKER W. HOLDINGS LLC,RECREATIONAL RETAILER,ACTIVE,11/02/2026,157 NW 15TH,St Newport,OR,97365-2369,Lincoln,Medical Marijuana Retailer,
050-20850,Sessions,DAB FACTORY LLC,RECREATIONAL RETAILER,ACTIVE,11/09/2026,48122 HIGHWAY 58 # A,,OR,,,,
050-21626,Oregon Cannabis Mart,PARRISH LLC,RECREATIONAL RETAILER,ACTIVE,12/01/2026,85938 HIGHWAY 99,S Eugene,OR,97405-9603,Lane,,
050-22084,Canna Bros. McMinnville,RIVERGLASS SHOP LLC,RECREATIONAL RETAILER,ACTIVE,12/17/2026,2215,Ne Evans St Mcminnville,OR,97128-2703,Yamhill,Medical Marijuana Retailer,
050-22201,Portal 541,PORTAL 541 LLC,RECREATIONAL RETAILER,ACTIVE,12/23/2026,1936,Main St Springfield,OR,97477-5054,Lane,Marijuana Home Delivery,
050-22259,Lucky Piff Eugene LLC,LUCKY PIFF EUGENE LLC,RECREATIONAL RETAILER,ACTIVE,12/29/2026,2164 W 7TH,Ave Eugene,OR,97402-7601,Lane,Marijuana Home Delivery,
050-22406,Red Barn Dispensary,RB DISPENSARY 8 LLC,RECREATIONAL RETAILER,ACTIVE,01/06/2027,1024 COURT ST STE D,,OR,,,,
050-22768,Broadway Cannabis Market,BROADWAY PROJECT INC.,RECREATIONAL RETAILER,ACTIVE,01/19/2027,11030 SW Capitol Hwy Portland,,OR,,,,01768553-2
050-23224,GREEN FRONT,J.T.W. II LLC,RECREATIONAL RETAILER,ACTIVE,01/30/2027,2046 NE HIGHWAY 99W,Ste A Mcminnville,OR,97128-6290,Yamhill,Medical Marijuana Retailer,
050-23242,?Dreams Dispensary,DREAMS DISPENSARY LLC,RECREATIONAL RETAILER,ACTIVE,02/01/2027,1111,Willamette St Eugene,OR,97401-3512,Lane,Marijuana Home Delivery,01902811-5
050-23245,Dreams Dispensary,DREAMS DISPENSARY LLC,RECREATIONAL RETAILER,ACTIVE,02/01/2027,1000,Obie St Eugene,OR,97402-3054,Lane,Marijuana Home Delivery,01902811-5
050-23524,Refinery CC,ZS LLC,RECREATIONAL RETAILER,ACTIVE,02/09/2027,2707,Ne Broadway St Portland,OR,97232-1722,Multnomah,,01904882-5
050-24055,Elevated Wellness,ELEVATED WELLNESS LLC,RECREATIONAL RETAILER,ACTIVE,02/26/2027,4450 NE SANDY BLVD & 4460 NE SANDY BLVD,,OR,,,,
050-24249,Cookies PDX,GC3 LLC,RECREATIONAL RETAILER,ACTIVE,03/04/2027,7916,Se Division St Portland,OR,97206-1064,Multnomah,,
050-25463,Cannabis On Time,DISCOUNT CANNABIS SALEM LLC,RECREATIONAL RETAILER,ACTIVE,04/08/2027,1685,Lancaster Dr Ne Salem,OR,97301-1965,Marion,Marijuana Home Delivery,
050-25528,Green Room Dispensary,COPR INCORPORATED,RECREATIONAL RETAILER,ACTIVE,04/09/2027,5070 Commercial St SE STE 120,,OR,,,,
050-1000146ACE7,Happy Leaf,PACIFIC ECLIPSE NW LLC,RECREATIONAL RETAILER,ACTIVE,12/11/2026,1301,Ne Broadway St Portland,OR,97232-1235,Multnomah,Medical Marijuana Retailer,
050-1000162E337,Oregon's Finest,OREGON RESOURCES TRADING LLC,RECREATIONAL RETAILER,ACTIVE,09/30/2025,505,Ne Grand Ave Portland,OR,97232-2726,Multnomah,,
050-1000236A6D2,The Dispensary on 52nd,DICOT DERBY FARMS LLC,RECREATIONAL RETAILER,ACTIVE,12/13/2026,4452 SE 52ND,Ave Portland,OR,97206-3922,Multnomah,Marijuana Home Delivery,
050-1000365F3DF,Green Goddess Remedies,BAS ENTERPRISES LLC,RECREATIONAL RETAILER,ACTIVE,11/08/2026,5435,Sw Taylors Ferry Rd Portland,OR,97219-5880,Multnomah,Marijuana Home Delivery,
050-1000396C575,Kind Heart Collective,KIND HEART COLLECTIVE,RECREATIONAL RETAILER,ACTIVE,01/01/2027,8217,N Denver Ave Portland,OR,97217-6623,Multnomah,Medical Marijuana Retailer,
050-1000459CA6F,Evergreen Hood River,IRRU INVESTMENTS LLC,RECREATIONAL RETAILER,ACTIVE,11/20/2026,1408 13TH,St Hood River,OR,97031-1616,Hood River,Marijuana Home Delivery,
050-1000652B6CC,Oregon Bud Company LLC,OREGON BUD COMPANY LLC,RECREATIONAL RETAILER,ACTIVE,01/10/2027,3270 SW CEDAR HILLS BLVD BLVD 104,,OR,,,,
050-1000779DEF8,La Mota,LA MOTA 3 LLC,RECREATIONAL RETAILER,ACTIVE,11/08/2026,644,Se Cass Ave Roseburg,OR,97470-3155,Douglas,Marijuana Home Delivery,
050-1000929AF4B,Oregon's Herbal Remedies,OREGON'S HERBAL REMEDIES LLC,RECREATIONAL RETAILER,ACTIVE,12/31/2026,88344,Territorial Rd Veneta,OR,97487-9486,Lane,Marijuana Home Delivery,
050-1001367CE42,La Mota,LA MOTA 8 LLC,RECREATIONAL RETAILER,ACTIVE,12/27/2026,3695,Sw Elliott Pl Beaverton,OR,97003-5139,Washington,Marijuana Home Delivery,
050-1001576D112,Rogue River Herbal PMC,SHERYL RABITOY,RECREATIONAL RETAILER,INACTIVE,01/29/2026,1024 COURT ST STE D,,OR,,,,
050-1001606EE83,Serra Belmont,GW RETAIL BELMONT INC,RECREATIONAL RETAILER,ACTIVE,12/12/2026,2519,Se Belmont St Portland,OR,97214-2822,Multnomah,Marijuana Home Delivery,
050-1001649DE75,Top Shelf Cannabis,TOP SHELF CANNABIS INCORPORATED,RECREATIONAL RETAILER,ACTIVE,12/30/2026,353 SE BAKER ST STE C,,OR,,,,
050-1001843EA13,The Lucky Leaf,THE LUCKY LEAF LLC,RECREATIONAL RETAILER,ACTIVE,12/30/2026,208,Jersey St Silverton,OR,97381-1627,Marion,Marijuana Home Delivery,
050-1001915EA16,Twenty After Four Wellness Center,420 BLAIR BLVD LLC,RECREATIONAL RETAILER,INACTIVE,12/29/2024,420,Blair Blvd Eugene,OR,97402-4393,Lane,,
050-1002423E8DA,The Joint on State,ANCIENT REMEDIES LLC,RECREATIONAL RETAILER,ACTIVE,11/02/2025,2350,State St Salem,OR,97301-4542,Marion,Marijuana Home Delivery,
050-1002555FF29,Sweet Relief Tillamook,G. O. ENTERPRISES LLC,RECREATIONAL RETAILER,ACTIVE,12/31/2026,1906 1ST,St Tillamook,OR,97141-2204,Tillamook,Marijuana Home Delivery,
050-1002710CD3B,Emerald City Dispensary,OREGON EMERALD CITY LLC,RECREATIONAL RETAILER,EXPIRED,03/19/2025,50414,Columbia River Hwy Scappoose,OR,97056-4312,Columbia,Marijuana Home Delivery,
050-1002850B56E,Buds 4 U,BUDS4U LLC,RECREATIONAL RETAILER,INACTIVE,12/28/2026,1480,Rhododendron Dr Florence,OR,97439-7620,Lane,Marijuana Home Delivery,
050-1002983CE7E,La Mota,LA MOTA HOLLYWOOD LLC & ROSA CAZARES,RECREATIONAL RETAILER,ACTIVE,04/24/2025,4450 NE SANDY BLVD & 4460 NE SANDY BLVD,,OR,,,,
050-1003171DF64,Oregon Coast Dispensary Inc,OREGON COAST DISPENSARY INC,RECREATIONAL RETAILER,ACTIVE,01/01/2027,861,A Nw Beach Dr Newport,OR,97365-3548,Lincoln,Marijuana Home Delivery,
050-1003244C082,TRULY PURE,TRULY PURE LLC,RECREATIONAL RETAILER,ACTIVE,03/20/2027,1006 SE GRAND AVE STE 104,,OR,,,,
050-1003343AD7E,Natural Wonders,NATURAL WONDERS LLC,RECREATIONAL RETAILER,ACTIVE,01/12/2027,3831,Se Main St Portland,OR,97214-4332,Multnomah,Marijuana Home Delivery,
050-1003433A4EA,Gram Central Station,SERIOUS ENTERPRISES LLC,RECREATIONAL RETAILER,ACTIVE,03/30/2026,6430,Ne Martin Luther King Jr Blvd Portland,OR,97211-3032,Multnomah,Marijuana Home Delivery,
050-1003518CE3D,Deanz Greenz,"""BITE ONE""""S LIP LLC""",RECREATIONAL RETAILER,ACTIVE,12/27/2026,10415,Ne Sandy Blvd Portland,OR,97220-3364,Multnomah,Medical Marijuana Retailer,
050-1003636DAFA,Pacific Green,NORTHWEST GREENHOUSE LLC,RECREATIONAL RETAILER,ACTIVE,12/27/2026,710,Ne Killingsworth St Portland,OR,97211-3859,Multnomah,Marijuana Home Delivery,
050-1003813BCA1,Positive Vibrations,GREGORY C. PIERCE || LINDA F. PIERCE,RECREATIONAL RETAILER,ACTIVE,01/18/2027,3682,Tremont St North Bend,OR,97459-2857,Coos,Marijuana Home Delivery,
050-1003823E63C,Sunray Cannabis,SUNRAY CANNABIS LLC,RECREATIONAL RETAILER,ACTIVE,01/08/2027,1347 NW HIGHWAY 101,Lincoln City,OR,97367-3341,Lincoln,Medical Marijuana Retailer,
050-1003834AEE9,Refinery Canna Connoisseur,THE NATURAL REFINERY LLC,RECREATIONAL RETAILER,EXPIRED,05/04/2024,2707,Ne Broadway St Portland,OR,97232-1722,Multnomah,Marijuana Home Delivery,
050-1003859B9F6,La Cannaisseur,LA CANNAISSEUR LLC,RECREATIONAL RETAILER,INACTIVE,12/29/2025,11324,Nw Saint Helens Rd Portland,OR,97231-1037,Multnomah,Marijuana Home Delivery,
050-1003884B7AC,DEFYNE PREMIUM CANNABIS,PACIFIC GREEN LLC,RECREATIONAL RETAILER,INACTIVE,12/26/2024,3821,Pacific Ave Forest Grove,OR,97116-2223,Washington,,
050-1004054A790,Going Green Grand Ronde,GOING GREEN ALBANY INC,RECREATIONAL RETAILER,ACTIVE,01/11/2027,8675,Fort Hill Rd Willamina,OR,97396-9736,Yamhill,Marijuana Home Delivery,
050-1004070FB52,High Mountain Recreational,HIGH MOUNTAIN RETAIL LLC,RECREATIONAL RETAILER,ACTIVE,11/16/2026,2722 W 2ND,St The Dalles,OR,97058-4127,Wasco,Medical Marijuana Retailer,
050-1004116B110,Pacific Gold,CO2 COMPANY AUCTION HOUSE LLC,RECREATIONAL RETAILER,CANCELLED,02/06/2025,1010,Sw Gibbs St Portland,OR,97239-3034,Multnomah,,
050-1004244CF83,Tsunami Marijuana LLC,TSUNAMI MARIJUANA LLC,RECREATIONAL RETAILER,ACTIVE,04/17/2026,1555,N Roosevelt Dr Seaside,OR,97138-7143,Clatsop,Medical Marijuana Retailer,
050-1004282BD55,Magian Distilling,HAWTHCO ONE CORPORATION,RECREATIONAL RETAILER,ACTIVE,12/31/2025,1515 SE 46TH,Ave Portland,OR,97215-3107,Multnomah,Marijuana Home Delivery,
050-1004294B93A,Tree House Collective,TREE HOUSE COLLECTIVE LLC,RECREATIONAL RETAILER,ACTIVE,12/31/2026,2419,Ne Sandy Blvd Portland,OR,97232-2339,Multnomah,Medical Marijuana Retailer,
050-1004297C917,Solutions of the Millennium LLC,SOLUTIONS OF THE MILLENNIUM LLC,RECREATIONAL RETAILER,ACTIVE,08/24/2026,2893,Oak St Eugene,OR,97405-3694,Lane,Marijuana Home Delivery,
050-1004330B65D,Swed.co,MAX CONSULTING GROUP LLC,RECREATIONAL RETAILER,ACTIVE,02/16/2027,2058,Nw Burnside Rd Gresham,OR,97030-3528,Multnomah,Medical Marijuana Retailer,
050-1004487C310,Substance,BLOOM WELL INC,RECREATIONAL RETAILER,ACTIVE,04/09/2027,20365 EMPIRE AVE STE 140,,OR,,,,
050-1004542CDD8,Redbarn Cannabis,REDBARN PHARMS LLC,RECREATIONAL RETAILER,ACTIVE,08/27/2026,1069,N Old Pacific Hwy Myrtle Creek,OR,97457-7465,Douglas,Marijuana Home Delivery,
050-1004550B848,Green Gratitude,JOSEPH GLOVER LLC,RECREATIONAL RETAILER,INACTIVE,12/26/2025,10322,Se Holgate Blvd Portland,OR,97266-2421,Multnomah,Marijuana Home Delivery,
050-1004552C21B,Otis Collective,OTIS COLLECTIVE LLC,RECREATIONAL RETAILER,ACTIVE,01/04/2027,1257,Salmon River Hwy Otis,OR,97368-9776,Lincoln,Medical Marijuana Retailer,
050-1004691B5CD,Highway 420,STEVE GEIGER || YVETTE GEIGER,RECREATIONAL RETAILER,ACTIVE,01/19/2027,1803 S ROOSEVELT DR STE C,,OR,,,,
050-1004701F805,Pur Roots,PORTLAND HEALTH CENTER INCORPORATED,RECREATIONAL RETAILER,ACTIVE,08/26/2026,5816,Ne Lombard St Portland,OR,97218-2363,Multnomah,Medical Marijuana Retailer,
050-1004716B1DB,Phresh Start LLC,PHRESH START LLC,RECREATIONAL RETAILER,ACTIVE,02/26/2027,1623 21ST ST STE B,,OR,,,,
050-1004764F055,Local Herb,DIVISION HOLISTIC LLC,RECREATIONAL RETAILER,ACTIVE,12/31/2026,15948,Se Division St Portland,OR,97236-2059,Multnomah,Marijuana Home Delivery,
050-1004766AB16,Citi Zen,EIGHTFOLD INC.,RECREATIONAL RETAILER,ACTIVE,02/02/2027,6305,Pacific Ave Cloverdale,OR,97112-9532,Tillamook,Medical Marijuana Retailer,
050-1004871D96B,S & S Emporium,S & S EMPORIUM LLC,RECREATIONAL RETAILER,EXPIRED,02/29/2024,294,Central Ave Coos Bay,OR,97420-2207,Coos,Marijuana Home Delivery,
050-1004923B1AA,Deep Roots Cannabis,PREMIER CONCEPTS LLC,RECREATIONAL RETAILER,ACTIVE,03/07/2027,2155,Olympic St Springfield,OR,97477-3463,Lane,Marijuana Home Delivery,
050-1005050D2DA,West Coast Organics,WEST COAST ORGANICS LLC,RECREATIONAL RETAILER,INACTIVE,01/30/2026,855 RAILROAD ST STE C,,OR,,,,
050-1005063D72C,Doctor's Orders,TRELLIS HOLDINGS OP - 3424 NE 82ND AVENUE LLC,RECREATIONAL RETAILER,ACTIVE,01/10/2026,3424 NE 82ND,Ave Portland,OR,97220-5116,Multnomah,Medical Marijuana Retailer,
050-1005289B539,Buddha's Wellness Center LLC,BUDDHA'S WELLNESS CENTER LLC,RECREATIONAL RETAILER,CANCELLED,03/13/2025,264 6TH,St Port Orford,OR,97465-9597,Curry,,
050-1005314D346,One Draw Two,ONE DRAW TWO LLC,RECREATIONAL RETAILER,ACTIVE,03/08/2026,11711,Ne Halsey St Portland,OR,97220-2034,Multnomah,Marijuana Home Delivery,
050-1005499C76F,Forward Cannabis,FORWARD RETAIL LLC,RECREATIONAL RETAILER,ACTIVE,05/09/2026,1580 NE 7TH ST STE A,,OR,,,,
050-1005537C257,T.E.R.P Collective INC,T.E.R.P COLLECTIVE INC,RECREATIONAL RETAILER,EXPIRED,04/04/2024,4355 NW HIGHWAY 101,Ste A Lincoln City,OR,97367-4989,Lincoln,Marijuana Home Delivery,
050-1005553BACC,Green Lion,MISS ORGANIC LLC,RECREATIONAL RETAILER,ACTIVE,03/16/2027,365,S Columbia River Hwy Saint Helens,OR,97051-6203,Columbia,Marijuana Home Delivery,
050-1005629EC8B,Southern Oregon Cannabis Connection,IRON CROSS ENTERPRISES LLC,RECREATIONAL RETAILER,ACTIVE,04/05/2026,1950 NE 7TH,St Grants Pass,OR,97526-3406,Josephine,Marijuana Home Delivery,
050-1005776B2C0,Reefer Madness,REEFER MADNESS LLC,RECREATIONAL RETAILER,EXPIRED,02/12/2026,1675,Fairgrounds Rd Ne Salem,OR,97301-7130,Marion,Marijuana Home Delivery,
050-1006287B0C6,Papa Buds,MML HOLDINGS LLC,RECREATIONAL RETAILER,ACTIVE,08/30/2026,4020,Se Cesar E Chavez Blvd Portland,OR,97202-3110,Multnomah,Marijuana Home Delivery,
050-1006368EB36,Rip City Delivery,RIP CITY DELIVERY LLC,RECREATIONAL RETAILER,INACTIVE,08/17/2026,3518,Sw Multnomah Blvd Portland,OR,97219-3762,Multnomah,Marijuana Home Delivery,
050-1006382C6BF,Green Muse LLC,GREEN MUSE LLC,RECREATIONAL RETAILER,ACTIVE,10/03/2026,5515 NE 16TH,Ave Portland,OR,97211-4942,Multnomah,Marijuana Home Delivery,
050-1006519C12E,Green Therapy,GREEN THERAPY HOLDINGS INC,RECREATIONAL RETAILER,INACTIVE,10/04/2026,85938 HIGHWAY 99,S Eugene,OR,97405-9603,Lane,Marijuana Home Delivery,
050-1006884F4A9,Floyd's Fine Cannabis,BTE 2 LLC,RECREATIONAL RETAILER,ACTIVE,11/12/2026,5944,Ne Sandy Blvd Portland,OR,97213-3961,Multnomah,Marijuana Home Delivery,
050-1006946EE11,CannaVida,NWCHRONIC LLC,RECREATIONAL RETAILER,ACTIVE,08/13/2026,325,Ne Franklin Ave Bend,OR,97701-4917,Deschutes,Marijuana Home Delivery,
050-1007207EDB9,La Mota,LA MOTA FOREST GROVE LLC,RECREATIONAL RETAILER,ACTIVE,07/26/2026,3139,Pacific Ave Forest Grove,OR,97116-1802,Washington,Marijuana Home Delivery,
050-1007242C532,The Greener Side Detroit Lake,NEW RIDERZ DETROIT LAKE LLC,RECREATIONAL RETAILER,ACTIVE,11/05/2026,1407,River Rd Eugene,OR,97404-2636,Lane,Marijuana Home Delivery,
050-1007437F64E,Four Seasons Dispensary and Resource Center,TRACEY I MCREYNOLDS,RECREATIONAL RETAILER,EXPIRED,10/30/2023,30943,Ehlen Dr Sw Albany,OR,97321-9451,Linn,Medical Marijuana Retailer,
050-1007465E4E4,Hyroot Organics,STAPLETON ONE LLC,RECREATIONAL RETAILER,ACTIVE,01/24/2026,52410,River Pine Rd La Pine,OR,97739-8906,Deschutes,Marijuana Home Delivery,
050-1007581CF85,HASHSTORIA,JCCD LLC,RECREATIONAL RETAILER,ACTIVE,08/21/2025,229 W MARINE DR STE C,,OR,,,,
050-1007632F435,Floyd's Fine Cannabis,SLICHLOLO BROADWAY RETAIL LLC,RECREATIONAL RETAILER,ACTIVE,06/06/2027,801,Ne Broadway St Portland,OR,97232-1215,Multnomah,Marijuana Home Delivery,
050-1007695C5F7,Hierba Buena,HIERBA BUENA INCORPORATED,RECREATIONAL RETAILER,ACTIVE,02/11/2027,3674,Pacific Hwy Hubbard,OR,97032-9302,Marion,,
050-1007724B972,La Mota,LA MOTA MEDFORD 2 LLC,RECREATIONAL RETAILER,ACTIVE,11/14/2026,620,W Stewart Ave Medford,OR,97501-3760,Jackson,Marijuana Home Delivery,
050-1007806B0B8,La Mota,LA MOTA JOHNSON CREEK LLC,RECREATIONAL RETAILER,ACTIVE,01/14/2027,3226,Se Johnson Creek Blvd Portland,OR,97222-9207,Clackamas,Marijuana Home Delivery,
050-1008270BB4F,La Mota SW Portland,LA MOTA SW PORTLAND LLC,RECREATIONAL RETAILER,ACTIVE,07/07/2026,1103,Sw Taylors Ferry Rd Portland,OR,97219-4362,Multnomah,Marijuana Home Delivery,
050-1008712E87C,FX 420 INC,FX 420 INC,RECREATIONAL RETAILER,ACTIVE,04/03/2027,161 NE GARDEN VALLEY BLVD STE 105,,OR,,,,
050-1009127E8AF,PottonMouth Retail Cannabis,POTTONMOUTH LLC / LAUGHING HEAD LLC,RECREATIONAL RETAILER,EXPIRED,05/10/2025,950,Se Sheridan Rd Sheridan,OR,97378-1913,Yamhill,Marijuana Home Delivery,
050-1009362B0FF,Kanopy 7,KANOPY 7 WEST MEDFORD LLC,RECREATIONAL RETAILER,ACTIVE,07/02/2026,1252 W MCANDREWS RD STE 2,,OR,,,,
050-1009465D34F,Preserve Oregon,PRESERVE OREGON CORP,RECREATIONAL RETAILER,ACTIVE,09/18/2026,1201,Commercial St Se Salem,OR,97302-4203,Marion,Marijuana Home Delivery,
050-1010491A550,La Mota Medford 3,LA MOTA MEDFORD 3 LLC,RECREATIONAL RETAILER,ACTIVE,*,3460,N Pacific Hwy Medford,OR,97501-1348,Jackson,Marijuana Home Delivery,
050-1011062F6DA,Yachats Cannabis Company,YACHATS CANNABIS COMPANY LLC,RECREATIONAL RETAILER,ACTIVE,01/10/2027,430 HIGHWAY 101,N Yachats,OR,97498,Lincoln,,
050-1011108FB30,Simple Cannabis Co.,MCLANAHAN INVESTMENTS LLC,RECREATIONAL RETAILER,EXPIRED,09/09/2024,1448 12TH,St Se Salem,OR,97302-2817,Marion,,
050-1011388D21A,Redbarn Dispensary,RB ROSEBURG 1 LLC,RECREATIONAL RETAILER,ACTIVE,07/23/2026,634,W Umpqua St Roseburg,OR,97471-2954,Douglas,Marijuana Home Delivery,
050-1011537E502,LA MOTA,AARON MITCHELL,RECREATIONAL RETAILER,ACTIVE,06/05/2026,1945,W Main St Medford,OR,97501-2203,Jackson,Marijuana Home Delivery,
050-1011581AD4E,La Mota,LA MOTA MEDFORD 5 LLC,RECREATIONAL RETAILER,ACTIVE,01/26/2027,48257 E 1ST,St Oakridge,OR,97463-9701,Lane,Marijuana Home Delivery,
050-1011585E7DC,La Mota,LA MOTA MEDFORD 4 LLC,RECREATIONAL RETAILER,ACTIVE,03/02/2026,1625,Sherman Ave North Bend,OR,97459-3531,Coos,Marijuana Home Delivery,
050-1011666F84B,Urban Canna Apothecary,JT DELANGE LLC,RECREATIONAL RETAILER,ACTIVE,11/09/2026,1815,Main St Ste A Springfield,OR,97477-5012,Lane,Marijuana Home Delivery,
050-1011675DFC6,Top Shelf Medicine,TSM LLC,RECREATIONAL RETAILER,ACTIVE,02/07/2026,657,Sw Coast Hwy Newport,OR,97365-5023,Lincoln,Marijuana Home Delivery,
050-1012021E786,Electric Lettuce Holgate,HOLGATE RETAIL INVESTMENTS INC.,RECREATIONAL RETAILER,ACTIVE,11/15/2026,12131,Se Holgate Blvd Portland,OR,97266-2161,Multnomah,Marijuana Home Delivery,
050-1012077A338,Old School Bliss,OLD SCHOOL BLISS LLC,RECREATIONAL RETAILER,ACTIVE,12/29/2026,2090 OLYMPIC ST UNIT D,,OR,,,,
050-1012241E9AE,Singing Sands Cannabis Company,SINGING SANDS CANNABIS COMPANY LLC,RECREATIONAL RETAILER,EXPIRED,07/05/2024,279,N Hemlock St Cannon Beach,OR,97110,Clatsop,,
050-1012246E7D7,Top Shelf Wellness Center,BB & G GROUP LLC,RECREATIONAL RETAILER,ACTIVE,12/04/2026,7162,Crater Lake Hwy White City,OR,97503-1614,Jackson,Marijuana Home Delivery,
050-1012848DB9F,Good Good,RY INDUSTRIES LLC,RECREATIONAL RETAILER,ACTIVE,01/18/2027,100,Saint Helens St Saint Helens,OR,97051-2030,Columbia,Marijuana Home Delivery,
050-1013413CA5B,Ascend Dispensary,REC REHAB CONSULTING LLC,RECREATIONAL RETAILER,ACTIVE,02/18/2026,13836 NE SANDY BLVD & 13826,,OR,,,,
050-1013574C1D1,hashstoria,JCCD3 LLC,RECREATIONAL RETAILER,EXPIRED,05/19/2024,49332 HIGHWAY 30,Westport,OR,97016-8282,Columbia,Marijuana Home Delivery,
050-1013753ACFE,La Mota,LA MOTA MEDFORD 6 LLC,RECREATIONAL RETAILER,INACTIVE,05/09/2027,1685,Lancaster Dr Ne Salem,OR,97301-1965,Marion,Marijuana Home Delivery,
050-1013962E065,BLOOMINATI CANNABIS CORP.,BLOOMINATI CANNABIS CORP,RECREATIONAL RETAILER,ACTIVE,01/13/2027,2420,Pacific Ave Forest Grove,OR,97116-2452,Washington,Marijuana Home Delivery,
050-1014111B782,High Lakes Cannabis Co,HIGH LAKES CANNABIS COMPANY LLC,RECREATIONAL RETAILER,ACTIVE,06/24/2026,2820,Maywood Dr Klamath Falls,OR,97603-4550,Klamath,Medical Marijuana Retailer,
050-1014115A716,Floyd's Fine Cannabis,BTE 3 LLC,RECREATIONAL RETAILER,ACTIVE,06/03/2027,1602,N Columbia Blvd Portland,OR,97217-6748,Multnomah,Marijuana Home Delivery,
050-1014138FB3D,Amberlight Cannabis House,PORTLAND ASSET HOLDINGS CORPORATION,RECREATIONAL RETAILER,ACTIVE,05/07/2026,2407 SE 49TH,Ave Portland,OR,97206-1561,Multnomah,Marijuana Home Delivery,
050-1014500F406,Phresh Start,PHRESH START LLC,RECREATIONAL RETAILER,ACTIVE,*,2270 W 11TH,Ave Eugene,OR,97402-3505,Lane,Marijuana Home Delivery,
050-1014534AF69,Buzz Box,BTHCR PDX LLC,RECREATIONAL RETAILER,ACTIVE,06/15/2026,6611,Se Powell Blvd Portland,OR,97206-2635,Multnomah,Marijuana Home Delivery,
050-1014594A9CC,Discovery Cannabis,DIXD LLC,RECREATIONAL RETAILER,ACTIVE,06/27/2026,250 SW HIGHWAY 101,Waldport,OR,97394,Lincoln,Marijuana Home Delivery,
050-1014653D811,TJ's On The Alley,JV RETAIL 2 LLC,RECREATIONAL RETAILER,INACTIVE,09/03/2025,1027,Willamette St Eugene,OR,97401-3113,Lane,Marijuana Home Delivery,
050-1014769D853,Elev8 Cannabis,ELEV8 CANNABIS INC.,RECREATIONAL RETAILER,EXPIRED,05/18/2024,1409,Oak St Eugene,OR,97401-4007,Lane,Marijuana Home Delivery,
050-1014846FBEA,southern oregon cannabis connection,IRON CROSS ENTERPRISES LLC,RECREATIONAL RETAILER,INACTIVE,03/14/2026,7420,Ne Sandy Blvd Portland,OR,97213-5760,Jackson,Marijuana Home Delivery,
050-1014882C655,Gnome Grown Oregon,MEDICATED LLC,RECREATIONAL RETAILER,ACTIVE,07/12/2026,5012 NE 28TH,Ave Portland,OR,97211-6339,Multnomah,Marijuana Home Delivery,
050-1014898CB9E,Green Lion,MISS ORGANIC LLC,RECREATIONAL RETAILER,ACTIVE,06/21/2026,1760,Virginia Ave North Bend,OR,97459-2346,Coos,Marijuana Home Delivery,
050-1015135E4D3,Green Lion,MISS ORGANIC LLC,RECREATIONAL RETAILER,ACTIVE,10/27/2026,7000,Se Johnson Creek Blvd Portland,OR,97206-9464,Multnomah,Marijuana Home Delivery,
050-1015404D292,Green Lion,MISS ORGANIC LLC,RECREATIONAL RETAILER,ACTIVE,04/12/2027,6011 SE 72ND,Ave Portland,OR,97206-6401,Multnomah,Marijuana Home Delivery,
050-1015918D2F6,Weed Land Inc,WEED LAND INC,RECREATIONAL RETAILER,ACTIVE,10/06/2026,4027,N Interstate Ave Portland,OR,97227-1072,Multnomah,Marijuana Home Delivery,
050-1015927ADFE,Green Room (South),COPR INCORPORATED,RECREATIONAL RETAILER,ACTIVE,12/27/2026,1665 SE 3RD,St Corvallis,OR,97333-1244,Benton,Marijuana Home Delivery,
050-1016131A101,Top Shelf Wellness Center,3RD BASS LLC,RECREATIONAL RETAILER,ACTIVE,03/07/2027,1925,Elm Ave Medford,OR,97501-1628,Jackson,Marijuana Home Delivery,
050-1016133E0F5,Shango Premium Cannabis,BON VIVANT LLC,RECREATIONAL RETAILER,ACTIVE,12/17/2026,8056,Se Harold St Portland,OR,97206-5148,Multnomah,Marijuana Home Delivery,
050-1016162FFA8,Peach Cannabis,SUGAR OAK LLC,RECREATIONAL RETAILER,ACTIVE,12/14/2026,1553,Oak St Eugene,OR,97401-4008,Lane,Marijuana Home Delivery,
050-1016201C7BC,LUCKY LION,3L RETAIL INCORPORATED,RECREATIONAL RETAILER,ACTIVE,12/16/2026,16148,Ne Sandy Blvd Portland,OR,97230-5014,Multnomah,Marijuana Home Delivery,
050-1016274AD84,Lifted Northwest,BENJAMINSBUDZ LLC,RECREATIONAL RETAILER,ACTIVE,11/22/2026,11121,Se Division St Portland,OR,97266-1115,Multnomah,Marijuana Home Delivery,
050-1016350B982,High Lakes,HIGH LAKES CANNABIS COMPANY LLC,RECREATIONAL RETAILER,ACTIVE,08/23/2025,3945 N HIGHWAY 97,Klamath Falls,OR,97601-9445,Klamath,Marijuana Home Delivery,
050-1016408A189,The Red Eye,HOTBOX FARMS LLC,RECREATIONAL RETAILER,ACTIVE,06/28/2026,833 SW 30TH,St Ontario,OR,97914-4626,Malheur,Marijuana Home Delivery,
050-1016525DC37,The Herb Center,THC RETAIL LLC,RECREATIONAL RETAILER,INACTIVE,03/16/2026,2205 NE DIVISION ST STE 150,Bend,OR,97703-3548,Deschutes,Marijuana Home Delivery,
050-1016536C5D3,Mr. Nice Guy Springfield,SPRINGFIELD RETAIL LLC,RECREATIONAL RETAILER,INACTIVE,05/23/2025,6033,Ne Win Sivers Dr Ste B Portland,OR,97220-9052,Lane,Marijuana Home Delivery,
050-1016538BD86,Arcanna,RANDOM POINT LLC,RECREATIONAL RETAILER,ACTIVE,03/09/2027,4605 NE FREMONT ST STE 105,,OR,,,,
050-1016622D255,Dr. Jolly's,DR. JOLLY'S LLC,RECREATIONAL RETAILER,INACTIVE,03/31/2026,415 SE 3RD,St Bend,OR,97702-1663,Deschutes,Marijuana Home Delivery,
050-1016923EE82,POPS' LLC,POPS' LLC,RECREATIONAL RETAILER,ACTIVE,01/20/2027,264 6TH ST UNIT A,,OR,,,,
050-1017143AEF5,Cookies,HILLCO ASSET MANAGEMENT LLC,RECREATIONAL RETAILER,INACTIVE,08/12/2025,1158 HIGH ST STE 101,,OR,,,,
050-1017194C683,Stokes Cannabis,DUTCHES CORP,RECREATIONAL RETAILER,ACTIVE,08/23/2026,4570,River Rd N Keizer,OR,97303-4646,Marion,Marijuana Home Delivery,
050-1017243C0D9,Highly Cultivated Brands,PNW OPERATOR LLC,RECREATIONAL RETAILER,ACTIVE,08/10/2026,901,Edgewater St Nw Salem,OR,97304-3819,Polk,Marijuana Home Delivery,
050-1017254B390,High Tide NW LLC,HIGH TIDE NW LLC,RECREATIONAL RETAILER,ACTIVE,07/31/2026,1074,Virginia Ave North Bend,OR,97459-3434,Coos,Marijuana Home Delivery,
050-1017271C92C,Kush Dispensary,HAMI GROUP LLC,RECREATIONAL RETAILER,INACTIVE,02/01/2026,48122 HIGHWAY 58 # A,,OR,,,,
050-1017327FC6B,WeedAgain,TRI CONSULTING & PROPERTIES LLC,RECREATIONAL RETAILER,ACTIVE,09/07/2026,2390,Fairgrounds Rd Ne Salem,OR,97301-0610,Marion,Marijuana Home Delivery,
050-1017411BF2D,MOSS CROSSING,MC33 LLC,RECREATIONAL RETAILER,INACTIVE,10/06/2024,2380,N Verde Dr Ontario,OR,97914-1102,Multnomah,Marijuana Home Delivery,
050-1017483E9A8,Good Life Collective,MACH ENTERPRISES LLC,RECREATIONAL RETAILER,ACTIVE,10/07/2026,193,Marine Dr Astoria,OR,97103-4346,Clatsop,Marijuana Home Delivery,
050-1017560D988,Canna Leaf Eugene Inc.,CANNA LEAF EUGENE INC,RECREATIONAL RETAILER,ACTIVE,09/28/2026,485,E Broadway Eugene,OR,97401-3307,Lane,Marijuana Home Delivery,
050-1017648E8FD,CHRONIX CANNABIS DISPENSARY,GREEN MONKEY LLC,RECREATIONAL RETAILER,ACTIVE,03/16/2026,933 NE 82ND,Ave Portland,OR,97220-5804,Multnomah,Marijuana Home Delivery,
050-1017674D3AA,Parlour Cannabis,THC RETAIL LLC,RECREATIONAL RETAILER,INACTIVE,10/12/2025,4702,Sw Scholls Ferry Rd Portland,OR,97225-1667,Washington,Marijuana Home Delivery,
050-1017716E529,ABCCoop1,EEK INC,RECREATIONAL RETAILER,INACTIVE,09/15/2024,633,Market St Medford,OR,97504-6162,Jackson,,
050-1017795BA15,Astral Markets,ASTRAL MARKETS INC.,RECREATIONAL RETAILER,INACTIVE,05/09/2026,140,Detroit Ave Detroit,OR,97342,Marion,Marijuana Home Delivery,
050-1018084C48A,Canna Bros.,RIVERGLASS SHOP LLC,RECREATIONAL RETAILER,ACTIVE,05/16/2026,815 9th Ave SE Albany,,OR,,,,
050-1018133AC46,Brothers Cannabis,NUWAVE SEASIDE LLC,RECREATIONAL RETAILER,INACTIVE,02/02/2026,1675,Franklin Blvd Eugene,OR,97403-1982,Clatsop,Marijuana Home Delivery,
050-1018267C84D,Blue Dream Cannabis & Vintage,BLUE DREAM CANNABIS & VINTAGE LLC,RECREATIONAL RETAILER,ACTIVE,04/06/2027,1436,Se Powell Blvd Portland,OR,97202-2348,Multnomah,Marijuana Home Delivery,
050-1018487D91D,Pete's Farm Dispensary,PETE'S FARM LLC,RECREATIONAL RETAILER,ACTIVE,12/22/2026,433 N HIGHWAY 101,Depoe Bay,OR,97341-1900,Lincoln,,
050-1018661FB12,SnugZ,HAWKIE LLC,RECREATIONAL RETAILER,ACTIVE,02/16/2027,1235,Railroad Blvd Eugene,OR,97402-4282,Lane,Marijuana Home Delivery,
050-1018699F5C5,World Famous Top Shelf Cannabis,SMART CHOICE INVESTMENTS LLC / STEFAN J MIHALIAK,RECREATIONAL RETAILER,ACTIVE,02/16/2027,3521 HIGHWAY 101,N Gearhart,OR,97138-4319,Clatsop,Marijuana Home Delivery,
050-1018900DA30,Cannabis Liquidation Outlet,LONDON PARTNERS LLC,RECREATIONAL RETAILER,ACTIVE,07/17/2026,1355,S Main St Lebanon,OR,97355-3101,Linn,Marijuana Home Delivery,
050-1019309B453,La Mota,LONDON PARTNERS LLC,RECREATIONAL RETAILER,ACTIVE,09/27/2026,1025 MAIN ST AND 1027,,OR,,,,
050-1020820F3B0,Lemonnade,MAGIC CASTLE OR INC,RECREATIONAL RETAILER,ACTIVE,09/20/2026,11321 SW 64TH,Ave Portland,OR,97219-6710,Multnomah,Marijuana Home Delivery,
050-1021663B76F,Hash It Out,HASH IT OUT LLC,RECREATIONAL RETAILER,ACTIVE,09/19/2026,1080,W Central Blvd Coquille,OR,97423-1017,Coos,Marijuana Home Delivery,
050-1021698ED82,The Flower Room - Bend Downtown,THE FLOWER ROOM LLC,RECREATIONAL RETAILER,ACTIVE,08/21/2026,817,Nw Hill St Bend,OR,97703-2924,Deschutes,Marijuana Home Delivery,
050-1021798FA70,Lemonnade St. Johns Inc.,LEMONNADE ST. JOHNS INC.,RECREATIONAL RETAILER,ACTIVE,11/03/2026,8105,N Fessenden St Portland,OR,97203-1622,Multnomah,Marijuana Home Delivery,
050-1021983EA8C,CULTIV8,TMJ NW CULTIV8 ONE LLC,RECREATIONAL RETAILER,ACTIVE,12/13/2026,5230 SE 52ND,Ave Portland,OR,97206-5629,Multnomah,Marijuana Home Delivery,
050-1022022C2C4,Smokelore,VERDANT VENTURES LLC,RECREATIONAL RETAILER,INACTIVE,12/07/2025,580,Sw Twin Oaks Cir Corvallis,OR,97333-1115,Deschutes,Marijuana Home Delivery,
050-1022344EC85,Kingston Cannabis Company,KINGSTON CANNABIS COMPANY LLC,RECREATIONAL RETAILER,ACTIVE,11/06/2026,2366,Ashland St Ashland,OR,97520-1410,Jackson,Marijuana Home Delivery,
050-1022771EB29,Green Ridge Pacific City,DANIELLE MARIE KLAUS-BAILEY,RECREATIONAL RETAILER,ACTIVE,03/01/2026,34970,Brooten Rd Pacific City,OR,97135,Tillamook,Marijuana Home Delivery,
050-1022846D477,Couch Street LLC,COUCH STREET LLC,RECREATIONAL RETAILER,INACTIVE,10/30/2024,105 NE 8TH,Ave Portland,OR,97232-2910,Multnomah,Marijuana Home Delivery,
050-1022876E6E4,WeedAgain,TRI CONSULTING & PROPERTIES LLC,RECREATIONAL RETAILER,ACTIVE,11/29/2026,86784 FRANKLIN BLVD UNIT A,,OR,,,,
050-1022911A110,Diem,MYTHOS OREGON LLC,RECREATIONAL RETAILER,ACTIVE,02/28/2026,851,Ne Columbia Blvd Portland,OR,97211-1407,Multnomah,Marijuana Home Delivery,
050-1023065BA7E,Pioneer Cannabis Co.,PIONEER CCS2 LLC,RECREATIONAL RETAILER,ACTIVE,01/17/2027,63049 HIGHWAY 101,Coos Bay,OR,97420-4111,Coos,Marijuana Home Delivery,
050-1023191B69C,Emerald Triangle Dispensary,ZACHARY KOHLER,RECREATIONAL RETAILER,INACTIVE,02/22/2026,103 N PACIFIC HWY UNITS A B C,,OR,,,,
050-1023329BEE5,Chalice Farms,CFA RETAIL LLC,RECREATIONAL RETAILER,EXPIRED,03/02/2024,5035,Se Mcloughlin Blvd Portland,OR,97202-4817,Multnomah,,
050-1023355C084,Herban LLC,HERBAN LLC,RECREATIONAL RETAILER,ACTIVE,04/02/2027,1034 SE 122ND,Ave Portland,OR,97233-1110,Multnomah,Marijuana Home Delivery,
050-1023571A62B,Dreams,EHC HOLDINGS LLC,RECREATIONAL RETAILER,INACTIVE,07/04/2026,1000 OBIE ST STE A,,OR,,,,
050-1023875D6FF,Green Room (Albany),COPR INCORPORATED,RECREATIONAL RETAILER,ACTIVE,03/27/2027,820 PACIFIC BLVD SE STE B,,OR,,,,
050-1024051DEE0,Hive Cannabis Connect,HIVE DIRECT LLC,RECREATIONAL RETAILER,ACTIVE,*,2836 W 11TH AVE UNIT 2,,OR,,,,
050-1024297ED85,Going Green,GOING GREEN ALBANY INC,RECREATIONAL RETAILER,ACTIVE,09/12/2026,925 MAIN ST STE B,,OR,,,,
050-1024356B0E5,Mary Jane's Farmacy,BLACKBURN HOLDINGS LLC,RECREATIONAL RETAILER,ACTIVE,07/06/2026,1729 CENTER ST NE STE 170,,OR,,,,
050-1024537A585,Power Plant Salem,POWER PLANT SALEM LLC,RECREATIONAL RETAILER,INACTIVE,06/19/2026,5070 COMMERCIAL ST SE STE 120,,OR,,,,
050-1024749C562,Club Pitbull,NEW FRONTIER LLC,RECREATIONAL RETAILER,ACTIVE,10/31/2026,1860,State St Salem,OR,97301-4343,Marion,Marijuana Home Delivery,
050-1024773D324,Cannabis On-Time,DISCOUNT CANNABIS LLC,RECREATIONAL RETAILER,ACTIVE,10/15/2026,1985 W 7TH,Ave Eugene,OR,97402-4351,Lane,Marijuana Home Delivery,
050-1025042BB62,HOTBOX,HOTBOX FARMS LLC,RECREATIONAL RETAILER,ACTIVE,01/29/2027,5103,Ne Fremont St Portland,OR,97213-1732,Multnomah,Marijuana Home Delivery,
050-1025285F717,Phresh Start,PHRESH START LLC,RECREATIONAL RETAILER,ACTIVE,01/09/2027,710,Row River Rd Cottage Grove,OR,97424-9533,Lane,Marijuana Home Delivery,
050-1025430AE4A,PURPLE SUNSET,PURPLE SUNSET LLC,RECREATIONAL RETAILER,ACTIVE,12/18/2026,3115,S Hemlock St Cannon Beach,OR,97110,Clatsop,Marijuana Home Delivery,
050-1025676E5DC,Top Crop Cannabis,CHADCOR HOLDINGS 3 CO.,RECREATIONAL RETAILER,ACTIVE,02/19/2027,297 SE 10TH,St Ontario,OR,97914-3808,Malheur,Marijuana Home Delivery,
050-1025684D895,Top Crop Cannabis,CHADCOR HOLDINGS 3 CO.,RECREATIONAL RETAILER,ACTIVE,02/19/2027,3170 W 11TH AVE UNIT A,,OR,,,,
050-1025720D7CC,Smooth Roots Lincoln City,SR OREGON LLC,RECREATIONAL RETAILER,ACTIVE,01/18/2027,325 SW HIGHWAY 101,Lincoln City,OR,97367-2759,Lincoln,Marijuana Home Delivery,
050-1025752BB23,Belmont Collective,NEW FRONTIER LLC,RECREATIONAL RETAILER,ACTIVE,02/07/2027,2036,Se Belmont St Portland,OR,97214-2813,Multnomah,Marijuana Home Delivery,
050-10001263A2F,Vernonia's Natural Choice,VERNONIA'S NATURAL CHOICE LLC,RECREATIONAL RETAILER,ACTIVE,10/30/2026,736 BRIDGE ST UNIT 1,Vernonia,OR,97064-1285,Columbia,Marijuana Home Delivery,
050-10001534ACF,Silver Stem Fine Cannabis,JIMS LLC,RECREATIONAL RETAILER,ACTIVE,12/31/2026,12240,N Jantzen Dr Portland,OR,97217-8137,Multnomah,Marijuana Home Delivery,
050-10001832DA7,Pipe Dreams Dispensary,GREEN GENES INC,RECREATIONAL RETAILER,ACTIVE,12/30/2026,1745 SW HIGHWAY 101 STE A B & C,,OR,,,,
050-10004797E23,Greeley Gallery,GREELEY GALLERY LLC,RECREATIONAL RETAILER,ACTIVE,12/31/2026,6512,N Greeley Ave Portland,OR,97217-5044,Multnomah,Marijuana Home Delivery,
050-10006476DA7,Oregon Bud Company,OREGON BUD COMPANY LLC,RECREATIONAL RETAILER,ACTIVE,01/10/2027,16631 SE 82ND,Dr Clackamas,OR,97015-8574,Clackamas,Marijuana Home Delivery,
050-10006568A0C,Oregon Bud Company,OREGON BUD COMPANY LLC,RECREATIONAL RETAILER,ACTIVE,01/10/2027,1155,Sw Coast Hwy Newport,OR,97365-5223,Lincoln,Marijuana Home Delivery,
050-10007012B21,La Mota,AMJWAF LLC,RECREATIONAL RETAILER,ACTIVE,11/07/2026,4999 NE 99TH,Ave Portland,OR,97220-3377,Multnomah,Marijuana Home Delivery,
050-10008693DF6,La Mota,AMCM LLC,RECREATIONAL RETAILER,ACTIVE,10/30/2026,158 S HIGHWAY 101,Rockaway Beach,OR,97136,Tillamook,Marijuana Home Delivery,
050-10009611DA7,Jamaica Joel's,JAMAICA JOEL'S INC,RECREATIONAL RETAILER,ACTIVE,11/02/2026,37 W 13TH AVE STE 201,,OR,,,,
050-10009873CDF,West Salem Cannabis,COWGIRL CANNABIS LLC,RECREATIONAL RETAILER,ACTIVE,12/19/2026,2625 SALEM DALLAS HWY NW STE 100,,OR,,,,
050-10011855BAC,High Tide Wellness Center,HIGH TIDE WELLNESS CENTER LLC,RECREATIONAL RETAILER,ACTIVE,12/21/2025,15957 HIGHWAY 101 S STE 4,Harbor,OR,97415-8507,Curry,Marijuana Home Delivery,
050-10013642BA6,La Mota,LA MOTA 7 LLC,RECREATIONAL RETAILER,ACTIVE,12/28/2026,257 2ND,St Drain,OR,97435,Douglas,Marijuana Home Delivery,
050-10013998C72,Pacific Wave,KELLY LYNN HUTSON & PHILIP J HUTSON,RECREATIONAL RETAILER,ACTIVE,11/30/2026,1543 NW 19TH ST STE B,,OR,,,,
050-10015902FDC,Portland Best Buds,PBB RETAIL LLC,RECREATIONAL RETAILER,ACTIVE,11/28/2026,6313 N LOMBARD ST STE B,,OR,,,,
050-10020753B7D,Electric Lettuce- Woodlawn,GW RETAIL 220 SW 1ST INC.,RECREATIONAL RETAILER,ACTIVE,09/30/2026,909,Ne Dekum St Portland,OR,97211-3678,Multnomah,Marijuana Home Delivery,
050-10022589CE7,Plantae,DH WHOLESALE LLC / PLANTAE HEALTH CARE LLC,RECREATIONAL RETAILER,ACTIVE,01/09/2027,2115 NE HIGHWAY 20 STE 107,,OR,,,,
050-10025514D43,Sweet Relief Natural Medicine,G. O. ENTERPRISES LLC,RECREATIONAL RETAILER,ACTIVE,12/31/2026,1444,Commercial St Astoria,OR,97103-3815,Clatsop,Medical Marijuana Retailer,
050-10025563EE3,Sweet Relief St. Helens,G. O. ENTERPRISES LLC,RECREATIONAL RETAILER,ACTIVE,12/29/2026,1809,Columbia Blvd Saint Helens,OR,97051-6220,Columbia,Marijuana Home Delivery,
050-10028857D5D,Apothca,AC EUGENE LLC,RECREATIONAL RETAILER,ACTIVE,01/17/2027,1205,Alder St Eugene,OR,97401-3712,Lane,Marijuana Home Delivery,
050-10029632BC8,Exodus Wellness Center,CATHLEEN HUFFINE / RICKY DUDLEY,RECREATIONAL RETAILER,CANCELLED,02/02/2025,16211,Se Powell Blvd Portland,OR,97236-1722,Multnomah,,
050-10032789CAF,Canna Bros.,RIVERGLASS SHOP LLC,RECREATIONAL RETAILER,ACTIVE,01/19/2027,2316 E PORTLAND RD STE C2,,OR,,,,
050-10034282CCC,The New Amsterdam,THE NEW AMSTERDAM LLC,RECREATIONAL RETAILER,ACTIVE,12/26/2026,2201,N Killingsworth St Portland,OR,97217-4442,Multnomah,Marijuana Home Delivery,01679198 2
050-10034516B89,SHANGO PREMIUM CANNABIS,BON VIVANT LLC,RECREATIONAL RETAILER,ACTIVE,12/26/2025,6033,Ne Win Sivers Dr Ste A Portland,OR,97220-9052,Multnomah,Medical Marijuana Retailer,
050-10037199BA2,Plantae,PLANTAE HEALTH CARE LLC,RECREATIONAL RETAILER,ACTIVE,12/29/2026,1100 SW HIGHWAY 97 STE 103,,OR,,,,
050-10038830A67,DEFYNE PREMIUM CANNABIS,M&M LLC,RECREATIONAL RETAILER,INACTIVE,12/26/2024,1775 SE TUALATIN VALLEY HWY BLDG A,,OR,,,,
050-10039622D6B,Three Kings Organics,THREE KINGS ORGANICS LLC,RECREATIONAL RETAILER,ACTIVE,01/29/2026,224,Terminal Ave The Dalles,OR,97058-3503,Wasco,Marijuana Home Delivery,
050-10039904AAD,Budlandia,EVERETT HOLDINGS LLC,RECREATIONAL RETAILER,ACTIVE,12/27/2026,8135,Se Woodward St Portland,OR,97206-1718,Multnomah,Marijuana Home Delivery,
050-10040768BFD,Ocean Grown Cannabis Company LLC,OCEAN GROWN CANNABIS COMPANY LLC,RECREATIONAL RETAILER,EXPIRED,01/29/2025,580,Sw Twin Oaks Cir Corvallis,OR,97333-1115,Benton,Marijuana Home Delivery,
050-10040800D20,Columbia River Herbals LLC,COLUMBIA RIVER HERBALS LLC,RECREATIONAL RETAILER,ACTIVE,03/08/2026,2630 W 6TH,St The Dalles,OR,97058-4168,Wasco,Marijuana Home Delivery,
050-10041073E5E,Jayne,JAYNE INC.,RECREATIONAL RETAILER,INACTIVE,12/28/2025,2145,Ne Martin Luther King Jr Blvd Portland,OR,97212-3725,Multnomah,Marijuana Home Delivery,01657781-1
050-10041223AB3,Canyon Cannabis,CANYON CANNABIS LLC,RECREATIONAL RETAILER,ACTIVE,03/06/2027,415,Ne Santiam Blvd Mill City,OR,97360-0088,Linn,Medical Marijuana Retailer,
050-10042166E81,Sweet Tree Farms,SWEET TREE FARMS INC,RECREATIONAL RETAILER,ACTIVE,01/05/2027,4097 W 11TH,Ave Eugene,OR,97402-5623,Lane,Marijuana Home Delivery,
050-10043201EF5,Tamerans,ANTHEIA CREATIONS LLC,RECREATIONAL RETAILER,INACTIVE,06/13/2024,3388,Merlin Rd Grants Pass,OR,97526-8421,Josephine,,
050-10044492D86,The Grass Hut II,THE GRASS HUT II,RECREATIONAL RETAILER,ACTIVE,01/25/2026,4085,Cherry Ave Ne Keizer,OR,97303-4859,Marion,Medical Marijuana Retailer,
050-10044860EA3,Substance,BLOOM WELL INC,RECREATIONAL RETAILER,ACTIVE,12/29/2026,1814,Ne Division St Bend,OR,97701-3502,Deschutes,Marijuana Home Delivery,
050-10045349EFC,SMOKE ON THE MOUNTAIN LLC,SMOKE ON THE MOUNTAIN LLC,RECREATIONAL RETAILER,ACTIVE,01/30/2027,23860,E Arrah Wanna Blvd Welches,OR,97067-9764,Clackamas,Marijuana Home Delivery,
050-10045414F9E,Natural Remedies,GREEN REMEDIES LLC,RECREATIONAL RETAILER,ACTIVE,03/01/2027,8700 SW BARBUR CT STE Z,,OR,,,,
050-10047520A20,World Famous Top Shelf Cannabis,SMART CHOICE INVESTMENTS LLC,RECREATIONAL RETAILER,ACTIVE,02/26/2027,704 CHETCO AVE STE A,,OR,,,,
050-10049104CFE,The People's Wellness Center,THE PEOPLE'S WELLNESS CENTER INC,RECREATIONAL RETAILER,ACTIVE,01/31/2026,71 CENTENNIAL LOOP STE B,,OR,,,,
050-10050484E34,Cannabis Nation Sunriver,CONSTELLATION HOLDINGS LLC,RECREATIONAL RETAILER,ACTIVE,06/06/2026,56789,Lunar Dr Bend,OR,97707-2187,Deschutes,Marijuana Home Delivery,
050-10050834F0C,Emerald Triangle Dispensary,ZACHARY KOHLER,RECREATIONAL RETAILER,INACTIVE,02/02/2026,246 E 10TH,St Medford,OR,97501-7212,Jackson,Marijuana Home Delivery,
050-10051014E88,Tumbleweed Cannabis Co. LLC,TUMBLEWEED CANNABIS CO. LLC,RECREATIONAL RETAILER,INACTIVE,05/10/2024,310 N Highway 20 Hines OR  97738,,OR,,Harney,Marijuana Home Delivery,
050-10051364EB2,Kaleafa Gresham,1450 SE ORIENT LLC,RECREATIONAL RETAILER,ACTIVE,05/06/2026,1450,Se Orient Dr Gresham,OR,97080-6219,Multnomah,Marijuana Home Delivery,
050-10052557A5E,Premium Choice Marijuana,PREMIUM CHOICE MEDICAL MARIJUANA LLC,RECREATIONAL RETAILER,ACTIVE,03/16/2027,1770 HIGHWAY 126,Florence,OR,97439-2014,Lane,Marijuana Home Delivery,
050-10052669AAA,Stateline Cannabis,TECHLOGIX CONSULTING LLC,RECREATIONAL RETAILER,ACTIVE,03/13/2027,14377 HIGHWAY 101 S UNIT B,,OR,,,,
050-10053314FB4,Cannasource,GIOVANNI'S INC,RECREATIONAL RETAILER,ACTIVE,03/05/2027,309,Shipping St Ne Salem,OR,97301-6427,Marion,Marijuana Home Delivery,
050-10053577FB7,KIND LEAF PENDLETON,KIND LEAF PENDLETON LLC,RECREATIONAL RETAILER,ACTIVE,02/27/2027,1733,Sw Court Ave Pendleton,OR,97801-1812,Umatilla,Marijuana Home Delivery,
050-10054270DD5,Stoney Only Clackamas,STONEY ONLY CLACKAMAS LLC,RECREATIONAL RETAILER,EXPIRED,03/26/2024,10289 SE HIGHWAY 212,Clackamas,OR,97015-9171,Clackamas,Marijuana Home Delivery,
050-10055477B6C,Papa's Dispensary,PROVIDING ALL PATIENTS ACCESS LLC,RECREATIONAL RETAILER,EXPIRED,03/10/2025,214 N REDWOOD HWY STE E,,OR,,,,
050-10055625B58,Kush Cart,KUSH CART LLC,RECREATIONAL RETAILER,ACTIVE,08/10/2026,5100 SE HARNEY DR STE 237,,OR,,,,
050-10056731BDF,green stop meds,GSM CONSULTING LLC,RECREATIONAL RETAILER,EXPIRED,04/02/2024,17030,Se Mcloughlin Blvd Portland,OR,97267-4960,Clackamas,,
050-10056960FF0,BUD BROS LLC,BUD BROS LLC,RECREATIONAL RETAILER,ACTIVE,03/15/2027,335,S Redwood Hwy Cave Junction,OR,97523,Josephine,Marijuana Home Delivery,
050-10064647FD2,Green Mountain Fire,SFC LLC,RECREATIONAL RETAILER,ACTIVE,07/04/2026,21951,Se Stark St Gresham,OR,97030-2033,Multnomah,Marijuana Home Delivery,
050-10066453EB4,Oregon Cannabis Outlet-Willamette,420 INVESTMENTS LLC,RECREATIONAL RETAILER,CANCELLED,08/27/2025,1361,Willamette St Eugene,OR,97401-4002,Lane,,
050-10067366FA8,BudMart,TECHLOGIX CONSULTING LLC,RECREATIONAL RETAILER,ACTIVE,07/28/2026,97900 SHOPPING CENTER AVE STE 37,,OR,,,,
050-10068739F36,High 5 Cannabis,BRADLEY COOK,RECREATIONAL RETAILER,ACTIVE,09/19/2026,86531,College View Rd Eugene,OR,97405-9756,Lane,Medical Marijuana Retailer,
050-10076627A48,La Mota Lebanon 2 LLC,LA MOTA LEBANON 2 LLC,RECREATIONAL RETAILER,ACTIVE,03/06/2027,260,N Santiam Hwy Lebanon,OR,97355-2372,Linn,Marijuana Home Delivery,
050-10083622BC7,Sweet Relief Gearhart,G. O. ENTERPRISES LLC,RECREATIONAL RETAILER,ACTIVE,07/01/2026,4210 HIGHWAY 101,N Gearhart,OR,97138-4334,Clatsop,Marijuana Home Delivery,
050-10084881C6D,Natural High,CODY RICHARD HOWARD,RECREATIONAL RETAILER,INACTIVE,11/14/2025,114 Hwy 42 E Coquille OR  97423,,OR,,Coos,Marijuana Home Delivery,
050-10088926F6F,kaleafa,11821 NE GLISAN LLC,RECREATIONAL RETAILER,ACTIVE,09/20/2026,11821,Ne Glisan St Portland,OR,97220-2142,Multnomah,Marijuana Home Delivery,
050-10091572D9A,Top Shelf Medicine 2,TSM 2 INC.,RECREATIONAL RETAILER,ACTIVE,05/23/2026,116 SW 4TH,St Corvallis,OR,97333-4712,Benton,Marijuana Home Delivery,
050-10097447A5F,Blazen Cannabis,BLAZEN CANNABIS LLC,RECREATIONAL RETAILER,ACTIVE,10/18/2026,800 HIGHWAY 20,S Hines,OR,97738-2522,Harney,Marijuana Home Delivery,
050-10099690C5E,The Canna Shoppe,WILLAMETTE BAY HOLDINGS INC.,RECREATIONAL RETAILER,ACTIVE,07/08/2026,6316,Ne Halsey St Portland,OR,97213-4757,Multnomah,,
050-10103753D2B,Truth Dispensary,TRUTH INC,RECREATIONAL RETAILER,ACTIVE,07/22/2026,1735,Lancaster Dr Ne Salem,OR,97305-1024,Marion,Marijuana Home Delivery,
050-10104115CC6,Nebula Cannabis,HARAMKHOR LLC,RECREATIONAL RETAILER,ACTIVE,04/04/2027,11605,Se Powell Blvd Portland,OR,97266-1631,Multnomah,Marijuana Home Delivery,
050-10106545CBB,La Mota Sweet Home LLC,LA MOTA SWEET HOME LLC AND ROSA CAZARES,RECREATIONAL RETAILER,ACTIVE,11/14/2026,1025 MAIN ST AND 1027,,OR,,,,
050-10107001EDC,Canna Bros. Stayton,RIVERGLASS SHOP LLC,RECREATIONAL RETAILER,ACTIVE,12/21/2026,2420,Martin Dr Stayton,OR,97383-1648,Marion,Medical Marijuana Retailer,
050-10109202F8F,Oregon Bud Company,OREGON BUD COMPANY LLC,RECREATIONAL RETAILER,ACTIVE,02/25/2027,5515 SE 122ND,Ave Portland,OR,97236-4201,Multnomah,Marijuana Home Delivery,
050-10112894E36,La Mota Courts LLC,LA MOTA COURTS LLC,RECREATIONAL RETAILER,ACTIVE,02/25/2027,1037,Court St Medford,OR,97501-5727,Jackson,Marijuana Home Delivery,
050-10113069B02,Power Plant,POWER PLANT LLC,RECREATIONAL RETAILER,ACTIVE,06/06/2026,10215,Se Foster Rd Portland,OR,97266-5115,Multnomah,Marijuana Home Delivery,
050-10114946F80,WeedAgain,TRI CONSULTING & PROPERTIES LLC,RECREATIONAL RETAILER,ACTIVE,07/30/2026,2410 MISSION ST SE STE 010,,OR,,,,
050-10114962EEF,Electric Lettuce Hillsboro,TUALATIN VALLEY RETAIL INVESTMENTS INC.,RECREATIONAL RETAILER,ACTIVE,09/22/2026,2795,Se Tualatin Valley Hwy Hillsboro,OR,97123-7937,Washington,Marijuana Home Delivery,
050-10116834C7B,Electric Lettuce Eugene,GW RETAIL W. 11TH INC,RECREATIONAL RETAILER,ACTIVE,05/26/2026,1201 W 11TH,Ave Eugene,OR,97402-4768,Lane,Marijuana Home Delivery,
050-10117317F08,Rocky Mtn Dispensary,ROCKY MTN DISPENSARY INC,RECREATIONAL RETAILER,ACTIVE,08/07/2026,743,W Main St John Day,OR,97845-1036,Grant,Medical Marijuana Retailer,
050-10124193FBD,Haystack Surf and Crystal Shop,POINT BREAK LLC,RECREATIONAL RETAILER,ACTIVE,05/18/2026,1088 S HEMLOCK ST STE A,,OR,,,,
050-10124660E00,Hotbox Farms,HOTBOX FARMS LLC,RECREATIONAL RETAILER,ACTIVE,09/23/2026,325,Ne Goodfellow St Ontario,OR,97914-3040,Malheur,Marijuana Home Delivery,
050-10124861F1E,Redbarn Dispensary,RB MYRTLE POINT 1 LLC,RECREATIONAL RETAILER,ACTIVE,05/25/2026,1107,Maryland Ave Myrtle Point,OR,97458-1374,Coos,Marijuana Home Delivery,
050-10134898DE3,Growing Releaf Salem,GROWING RELEAF INC.,RECREATIONAL RETAILER,EXPIRED,04/05/2024,309,Shipping St Ne Salem,OR,97301-6427,Marion,,
050-10143394D2C,Seaweed Reef,SEAWEED REEF LLC,RECREATIONAL RETAILER,ACTIVE,03/27/2027,5417 N COAST HWY UNIT 3,,OR,,,,
050-10146522DCF,TJ's on Powell,OPCO RETAIL 1 LLC,RECREATIONAL RETAILER,ACTIVE,09/03/2026,7827,Se Powell Blvd Portland,OR,97206-2350,Multnomah,Marijuana Home Delivery,
050-10151012B93,La Mota,LA MOTA BEAVERTON 2 LLC,RECREATIONAL RETAILER,ACTIVE,07/26/2026,18918,Sw Shaw St Beaverton,OR,97078-1284,Washington,Marijuana Home Delivery,
050-10152657D49,Sweet Leaf Cannabis,SLC SPRINGFIELD LLC,RECREATIONAL RETAILER,ACTIVE,07/27/2026,3912,Main St Springfield,OR,97478-6454,Lane,Marijuana Home Delivery,
050-10157025C26,LUCKY LION,2L RETAIL INCORPORATED,RECREATIONAL RETAILER,ACTIVE,07/20/2026,14800 SE POWELL BLVD # 1,Portland,OR,97236-2494,Multnomah,Marijuana Home Delivery,
050-10157958B19,LUCKY LION,3L RETAIL INCORPORATED,RECREATIONAL RETAILER,INACTIVE,09/28/2026,2164 W 7TH,Ave Eugene,OR,97402-7601,Lane,Marijuana Home Delivery,
050-10159373F6B,Pure Green,WEEDMART LLC,RECREATIONAL RETAILER,ACTIVE,02/16/2026,3108,Marine Dr Astoria,OR,97103-2734,Clatsop,Marijuana Home Delivery,
050-10160727FB1,Klamath Falls Cannabis LLC,KLAMATH FALLS CANNABIS LLC,RECREATIONAL RETAILER,ACTIVE,07/27/2026,2972 S 6TH ST SUITE A B C D,,OR,,,,
050-10165853E96,Substance,BLOOM WELL INC,RECREATIONAL RETAILER,ACTIVE,10/06/2026,2329,Olympic St Springfield,OR,97477-3465,Lane,Marijuana Home Delivery,
050-10167004BB9,Canna Bros,RIVERGLASS SHOP LLC,RECREATIONAL RETAILER,ACTIVE,05/16/2026,2335,Industrial Ave Hubbard,OR,97032,Marion,Medical Marijuana Retailer,
050-10167404EEB,Canna Bros. Amity,RIVERGLASS SHOP LLC,RECREATIONAL RETAILER,ACTIVE,06/22/2026,108,S Trade St Amity,OR,97101-2808,Yamhill,Medical Marijuana Retailer,
050-10168108EB5,Rose Budz PDX,MSST HOLDINGS LLC,RECREATIONAL RETAILER,ACTIVE,05/20/2026,2410,N Mississippi Ave Portland,OR,97227-1709,Multnomah,Marijuana Home Delivery,
050-10169465DE0,Floyd's,BTE 5 LLC,RECREATIONAL RETAILER,ACTIVE,02/22/2027,10561,Se Division St Portland,OR,97266-1238,Multnomah,Marijuana Home Delivery,
050-10169911EE0,Chalice Farms,SMS VENTURES LLC,RECREATIONAL RETAILER,EXPIRED,05/16/2024,6330,Sw Beaverton Hillsdale Hwy Portland,OR,97221-4220,Multnomah,,
050-10170361E30,La Mota,LA MOTA LLC,RECREATIONAL RETAILER,ACTIVE,08/02/2026,924 S CENTRAL AVE STE 2,,OR,,,,
050-10170556BAB,Substance,BLOOM WELL INC,RECREATIONAL RETAILER,ACTIVE,10/06/2026,1749,E Mcandrews Rd Medford,OR,97504-5508,Jackson,Marijuana Home Delivery,
050-10170663A49,The Rock Dispensary,STAR ROCK INC,RECREATIONAL RETAILER,ACTIVE,*,1911,Lancaster Dr Ne Salem,OR,97305-1041,Marion,Marijuana Home Delivery,
050-10171104DF0,Kaleafa,123 PACIFIC HIGHWAY LLC,RECREATIONAL RETAILER,ACTIVE,07/27/2026,11540,Sw Pacific Hwy Tigard,OR,97223-8667,Washington,,
050-10173159C9A,CannaKing Marijuana Dispensaries,EPOD DISTRIBUTION LLC,RECREATIONAL RETAILER,ACTIVE,02/15/2027,1449,Nw Mulholland Dr Roseburg,OR,97470-1914,Douglas,Marijuana Home Delivery,
050-10174595F3A,Substance,BLOOM WELL INC,RECREATIONAL RETAILER,ACTIVE,10/06/2026,3425,Crater Lake Hwy Medford,OR,97504-9292,Jackson,Marijuana Home Delivery,
050-10174822DB9,Local Leaf,THC RETAIL LLC,RECREATIONAL RETAILER,INACTIVE,08/30/2025,7625,Sw Oleson Rd Portland,OR,97223-7442,Washington,Marijuana Home Delivery,
050-10182183EBE,REDBARN DISPENSARY,RB REEDSPORT 2 LLC,RECREATIONAL RETAILER,ACTIVE,02/21/2027,4360,Main St Springfield,OR,97478-5972,Lane,Marijuana Home Delivery,
050-10187356E01,SugarTop Buddery,STB ENTERPRISES LLC,RECREATIONAL RETAILER,ACTIVE,04/27/2026,1299,Ocean St Eugene,OR,97402-2916,Lane,Marijuana Home Delivery,
050-10187941F4A,Coastal Craft Cannabis,CCC HOLDING COMPANY LLC,RECREATIONAL RETAILER,ACTIVE,02/09/2026,200,N Roosevelt Dr Seaside,OR,97138-6844,Clatsop,,
050-10188845BB4,Cannabis Liquidation Outlet,LONDON PARTNERS LLC,RECREATIONAL RETAILER,ACTIVE,08/02/2026,924 S CENTRAL AVE STE 3,,OR,,,,
050-10190292D44,La Mota,LONDON PARTNERS LLC,RECREATIONAL RETAILER,ACTIVE,08/02/2026,12015,Se Stark St Portland,OR,97216-3765,Multnomah,Marijuana Home Delivery,
050-10220347D48,Pur Roots (Powell),PORTLAND HEALTH CENTER INCORPORATED,RECREATIONAL RETAILER,ACTIVE,09/13/2026,8701,Se Powell Blvd Portland,OR,97266-1934,Multnomah,Marijuana Home Delivery,
050-10223602B78,Sea of Green,SEA OF GREEN LLC,RECREATIONAL RETAILER,ACTIVE,11/14/2026,1466,Sw Pacific Coast Hwy Waldport,OR,97394-9001,Lincoln,Marijuana Home Delivery,
050-10225541A5A,Treehouse North,ROSBAK CONSULTING LLC,RECREATIONAL RETAILER,ACTIVE,11/15/2026,5701,N Lombard St Portland,OR,97203-4113,Multnomah,Medical Marijuana Retailer,
050-10226326FC2,The Chronic on Commercial,ONE INVESTMENT CORP,RECREATIONAL RETAILER,ACTIVE,12/05/2026,3024,Commercial St Se Salem,OR,97302-4532,Marion,Marijuana Home Delivery,
050-10231163EB4,Tropicannabis,TROPICORP INC,RECREATIONAL RETAILER,EXPIRED,05/29/2025,1817,Cascade Ave Hood River,OR,97031-1101,Hood River,Medical Marijuana Retailer,
050-10237169ACB,Sweet Chron,NW HOLDING GROUP LLC,RECREATIONAL RETAILER,ACTIVE,05/18/2026,18438,Redwood Hwy Selma,OR,97538-9763,Josephine,Marijuana Home Delivery,
050-10237354FF4,Pole Enterprises,POLE ENTERPRISES LLC,RECREATIONAL RETAILER,ACTIVE,05/24/2026,56821,Columbia River Hwy Warren,OR,97053-9436,Columbia,Marijuana Home Delivery,
050-10237673BCC,WeedAgain,TRI CONSULTING & PROPERTIES LLC,RECREATIONAL RETAILER,ACTIVE,05/11/2026,2674,Broadway Ave North Bend,OR,97459-2214,Coos,Marijuana Home Delivery,
050-10238567E69,Love Buzz,THE SESSION LLC,RECREATIONAL RETAILER,ACTIVE,*,6802,Ne Broadway Portland,OR,97213-5336,Multnomah,Marijuana Home Delivery,
050-10239351C35,The Canna Shoppe,LUCKY PIYAO LLC,RECREATIONAL RETAILER,ACTIVE,07/06/2026,925,N Anchor Way Portland,OR,97217-7584,Multnomah,Marijuana Home Delivery,
050-10240901C8A,Smooth Roots Veneta,SR OREGON VENETA LLC,RECREATIONAL RETAILER,ACTIVE,06/22/2026,25805 HIGHWAY 126 STE 1-B,,OR,,,,
050-10242763B45,Rogue Valley Cannabis,RVCETD NORTH LLC,RECREATIONAL RETAILER,ACTIVE,08/28/2026,6388,Crater Lake Ave Central Point,OR,97502-8463,Jackson,Marijuana Home Delivery,
050-10244304E30,Mount Hood Cannabis Company,TWIN PEAKS CORP.,RECREATIONAL RETAILER,ACTIVE,10/23/2026,73410 E HIGHWAY 26,Rhododendron,OR,97049-8878,Clackamas,Marijuana Home Delivery,
050-10246757EF5,Happy Haze,1409 OAK STREET LLC,RECREATIONAL RETAILER,ACTIVE,11/08/2026,1409,Oak St Eugene,OR,97401-4007,Lane,Marijuana Home Delivery,
050-10248989E6D,Smooth Roots Greeley,SR OREGON GREELEY LLC,RECREATIONAL RETAILER,ACTIVE,09/20/2026,5938,N Greeley Ave Portland,OR,97217-4148,Multnomah,Marijuana Home Delivery,
050-10257368B11,Truth Dispensary,TRUTH 3 INC,RECREATIONAL RETAILER,ACTIVE,02/05/2027,1026,Commercial St Se Salem,OR,97302,Marion,Marijuana Home Delivery,
050-10258531C39,FYRE,CALYX RETAIL LLC,RECREATIONAL RETAILER,EXPIRED,01/06/2026,2650,Ne Division St Bend,OR,97703-3569,Deschutes,Marijuana Home Delivery,
050-100028766B5,New Leaf Midtown,VALLEY HEALTH LLC,RECREATIONAL RETAILER,INACTIVE,12/31/2025,2215,Ne Evans St Mcminnville,OR,97128-2703,Yamhill,Marijuana Home Delivery,
050-100035555F6,The Herbal Connection,THE HERBAL CENTRE LLC,RECREATIONAL RETAILER,ACTIVE,12/31/2026,463,River Ave Eugene,OR,97404-3541,Lane,Marijuana Home Delivery,
050-100037147CC,Cookies,HOTBOX FARMS LLC,RECREATIONAL RETAILER,ACTIVE,10/17/2026,2317 NW 11TH,St Ontario,OR,97914-1157,Malheur,Marijuana Home Delivery,
050-100041086CC,Hood River Naturals,HOOD RIVER NATURALS LLC,RECREATIONAL RETAILER,ACTIVE,12/29/2026,1817,Cascade Ave Hood River,OR,97031-1101,Hood River,Marijuana Home Delivery,
050-100069626B0,Oregon Farmacy,EMERALD CORNER CORP.,RECREATIONAL RETAILER,ACTIVE,*,1 W 6TH,St Medford,OR,97501-2732,Jackson,Medical Marijuana Retailer,
050-100077728CC,La Mota,LA MOTA LLC,RECREATIONAL RETAILER,ACTIVE,11/03/2026,7435 SE 52ND,Ave Portland,OR,97206-8206,Multnomah,Marijuana Home Delivery,
050-100088728CB,Livewell Cannabis,LIVEWELL INC,RECREATIONAL RETAILER,ACTIVE,04/13/2027,696,Hawthorne Ave Ne Salem,OR,97301-4561,Marion,Marijuana Home Delivery,
050-100089293F9,Archive Portland,AMF I LLC,RECREATIONAL RETAILER,ACTIVE,01/17/2027,10645 SE HENRY ST STE B,,OR,,,,
050-100136209F4,La Mota,LA MOTA 6 LLC,RECREATIONAL RETAILER,ACTIVE,01/03/2027,17,S Riverside Ave Medford,OR,97501-7232,Jackson,Marijuana Home Delivery,
050-100164832B5,Cannabis Nation Beaverton,CBN INC,RECREATIONAL RETAILER,ACTIVE,12/27/2026,15915 NW SCHENDEL AVE STE 104,,OR,,,,
050-100167455A3,M Thrive Organics LLC,M THRIVE ORGANICS LLC,RECREATIONAL RETAILER,ACTIVE,11/20/2026,3226 W 2ND,St The Dalles,OR,97058-4122,Wasco,Marijuana Home Delivery,
050-100236001BA,THE GREEN FRONT,JTW LLC,RECREATIONAL RETAILER,ACTIVE,12/18/2026,6834,Ne Glisan St Portland,OR,97213-5556,Multnomah,Marijuana Home Delivery,
050-100297375C8,Green Room,COPR INCORPORATED,RECREATIONAL RETAILER,ACTIVE,12/28/2026,2521 NW 9TH,St Corvallis,OR,97330-1536,Benton,Marijuana Home Delivery,
050-100331502C1,Beaver Bowls,OMNIFIC SOL LIMITED,RECREATIONAL RETAILER,ACTIVE,01/01/2027,227 SW 6TH,St Corvallis,OR,97333-4616,Benton,Marijuana Home Delivery,
050-100352226E9,Deanz Greenz,"""BITE ONE""""S LIP LLC""",RECREATIONAL RETAILER,ACTIVE,12/27/2026,5625 SE 85TH,Ave Unit B Portland,OR,97266-4880,Multnomah,Medical Marijuana Retailer,
050-100374466A6,Eden,ROSE CITY USA LLC,RECREATIONAL RETAILER,EXPIRED,07/09/2024,7420,Ne Sandy Blvd Portland,OR,97213-5760,Multnomah,,
050-100386665E6,MOSS CROSSING,MC11 LLC,RECREATIONAL RETAILER,INACTIVE,01/01/2026,2751,Friendly St Eugene,OR,97405-2254,Lane,Marijuana Home Delivery,
050-100392377F1,La Mota,LA MOTA LEBANON LLC,RECREATIONAL RETAILER,ACTIVE,02/12/2027,620,S Main St Lebanon,OR,97355-3337,Linn,Marijuana Home Delivery,
050-100427434E1,Track Town Collective,TRACK TOWN COLLECTIVE LLC,RECREATIONAL RETAILER,ACTIVE,02/06/2027,3675,Franklin Blvd Eugene,OR,97403-2357,Lane,Marijuana Home Delivery,
050-100431414A0,The Holistic Choice,THE HOLISTIC CHOICE INC.,RECREATIONAL RETAILER,EXPIRED,01/12/2025,1045,Commercial St Se Salem,OR,97302-4111,Marion,Marijuana Home Delivery,
050-100479383D7,Monmouth Cannabis,COWGIRL CANNABIS LLC,RECREATIONAL RETAILER,ACTIVE,05/14/2026,210 PACIFIC AVE S STE A,,OR,,,,
050-100502592C1,La Mota,LA MOTA SWEET HOME 2 LLC,RECREATIONAL RETAILER,ACTIVE,01/19/2027,4320 HIGHWAY 20,Sweet Home,OR,97386-1242,Linn,Marijuana Home Delivery,
050-100516333C2,Tokyo South,TOKYO STARFISH 2 INC.,RECREATIONAL RETAILER,ACTIVE,03/25/2027,61230 S HIGHWAY 97,Bend,OR,97702-2959,Deschutes,Marijuana Home Delivery,
050-100516768FC,American Cannabis Company,MARIGOLD ENTERPRISES LLC,RECREATIONAL RETAILER,INACTIVE,09/25/2024,1917 SE 7TH,Ave Portland,OR,97214-4601,Multnomah,,
050-100534417C0,Grateful Meds,GRATEFUL MEDS LLC,RECREATIONAL RETAILER,ACTIVE,06/14/2026,630,S Pacific Hwy Talent,OR,97540-9635,Jackson,Marijuana Home Delivery,
050-100542973D6,Oregon Cannabis Co.,OREGON CANNABIS CO. REC. LLC,RECREATIONAL RETAILER,ACTIVE,02/26/2026,1977,Santiam Hwy Se Albany,OR,97322-4928,Linn,Marijuana Home Delivery,
050-100562112C2,Tangent Farmacy,BOYD AND LEVIT ENTERPRISES LLC,RECREATIONAL RETAILER,ACTIVE,04/16/2027,32990 HIGHWAY 99E,Tangent,OR,97389-9608,Linn,Medical Marijuana Retailer,
050-100580873A9,SpaceBuds,EAGLE 5 ENTERPRISES INC.,RECREATIONAL RETAILER,ACTIVE,06/11/2026,741,Lincoln St Eugene,OR,97401-2502,Lane,Marijuana Home Delivery,
050-100664391F4,NW Advantage,COLEMAN RISDON,RECREATIONAL RETAILER,INACTIVE,06/29/2025,119 SW 4TH,St Corvallis,OR,97333-4711,Benton,Marijuana Home Delivery,
050-100671665A3,Stumptown Cannabis,STUMPTOWN CANNABIS LLC,RECREATIONAL RETAILER,ACTIVE,07/25/2026,10587 SE 82ND,Ave Happy Valley,OR,97086-2313,Clackamas,Marijuana Home Delivery,
050-100697186A7,Thur's Smoke Shop,THUR'S SMOKE SHOP LLC,RECREATIONAL RETAILER,ACTIVE,08/27/2026,502 SE 16TH,St Pendleton,OR,97801-3210,Umatilla,Marijuana Home Delivery,
050-100708760AF,420 Club LLC,420 CLUB LLC,RECREATIONAL RETAILER,ACTIVE,05/03/2026,2576,Ne Stephens St Roseburg,OR,97470-1392,Douglas,Marijuana Home Delivery,
050-100719502BC,La Mota Sandy Blvd LLC,LA MOTA SANDY LLC,RECREATIONAL RETAILER,ACTIVE,*,9046,Ne Sandy Blvd Portland,OR,97220-4838,Multnomah,Marijuana Home Delivery,
050-100736767B7,Cloud 9 Cannabis,CLOUD 9 DISPENSARY LLC,RECREATIONAL RETAILER,ACTIVE,02/08/2027,154,Manor St Ne Albany,OR,97322-6509,Linn,Medical Marijuana Retailer,
050-100807035DC,King Kannabis,KING KANNABIS LLC,RECREATIONAL RETAILER,ACTIVE,03/28/2027,1544,Newmark Ave Coos Bay,OR,97420-2914,Coos,Marijuana Home Delivery,
050-100834893DE,A Prime Leaf,PIKE PARK LLC,RECREATIONAL RETAILER,ACTIVE,07/05/2026,2974 12TH,St Se Salem,OR,97302-3163,Marion,Marijuana Home Delivery,
050-100858709AE,La Mota Lebanon 3 LLC,LA MOTA LEBANON 3 LLC,RECREATIONAL RETAILER,ACTIVE,03/07/2027,2645,S Main Rd Lebanon,OR,97355-2339,Linn,Marijuana Home Delivery,
050-100869451F2,Livewell Dispensary,LIVEWELL INC,RECREATIONAL RETAILER,ACTIVE,*,1522,Broadway St Ne Salem,OR,97301-0506,Marion,Marijuana Home Delivery,
050-100912345DE,Phresh Start,PHRESH START LLC,RECREATIONAL RETAILER,ACTIVE,*,4925 BARGER DR STE A,,OR,,,,
050-100950903F9,Redwood Cannabis Dispensary,PRICE FAMILY ENTERPRISE LLC,RECREATIONAL RETAILER,ACTIVE,07/09/2026,825,Ne F St Grants Pass,OR,97526-2329,Josephine,Marijuana Home Delivery,
050-100968483EA,Shaman Cannabis - Columbia,LTV HOLDINGS LLC,RECREATIONAL RETAILER,EXPIRED,09/12/2024,3829,Ne Columbia Blvd Portland,OR,97211-2043,Multnomah,Medical Marijuana Retailer,
050-100977881FD,Herbal Choices,ROSA LAND & TIMBER INC.,RECREATIONAL RETAILER,ACTIVE,06/19/2026,50375 HIGHWAY 101,Bandon,OR,97411-8200,Coos,,
050-101048392D3,Plus Dispensary,GAZA LLC,RECREATIONAL RETAILER,ACTIVE,12/02/2026,45 NE 122ND,Ave Portland,OR,97230-2101,Multnomah,Medical Marijuana Retailer,
050-101068041F4,La Mota Roseburg 2 LLC,LA MOTA ROSEBURG 2 LLC,RECREATIONAL RETAILER,ACTIVE,02/18/2027,573,Ne Stephens St Roseburg,OR,97470-3150,Douglas,Marijuana Home Delivery,
050-101070561E6,Electric Lettuce Sunnyside,SUNNYSIDE RETAIL INVESTMENTS INC.,RECREATIONAL RETAILER,ACTIVE,03/06/2026,16416,Se Sunnyside Rd Happy Valley,OR,97015-8739,Clackamas,Marijuana Home Delivery,
050-101122730F7,Buds 4 U,BUDS4U LLC,RECREATIONAL RETAILER,INACTIVE,02/21/2026,72217 HIGHWAY 101,Lakeside,OR,97449-8659,Coos,Medical Marijuana Retailer,
050-101133291FA,Sensible Cannabis Company,PAC NW VENTURES LLC,RECREATIONAL RETAILER,ACTIVE,09/20/2026,3338,N Pacific Hwy Medford,OR,97501-1351,Jackson,Marijuana Home Delivery,
050-101144582D7,PotMates,POTMATES LLC,RECREATIONAL RETAILER,ACTIVE,07/28/2026,4607,Sw Beaverton Hillsdale Hwy Portland,OR,97221-2909,Multnomah,Marijuana Home Delivery,
050-101157106FA,Oregon Bud Company,OREGON BUD COMPANY LLC,RECREATIONAL RETAILER,ACTIVE,12/02/2026,4511,Se Cesar E Chavez Blvd Portland,OR,97202-3119,Multnomah,Marijuana Home Delivery,
050-101205209E9,Love Buzz,THE SESSION LLC,RECREATIONAL RETAILER,ACTIVE,03/02/2027,5425,Ne Glisan St Portland,OR,97213-3062,Multnomah,Marijuana Home Delivery,
050-101304477BC,Kush Gardens Co,LONDON PARTNERS LLC,RECREATIONAL RETAILER,ACTIVE,01/26/2027,215,Galice Rd Merlin,OR,97532-8752,Josephine,Marijuana Home Delivery,
050-101369028B1,LUCKY LION,LL RETAIL INCORPORATED,RECREATIONAL RETAILER,ACTIVE,02/10/2027,7815,Ne Halsey St Portland,OR,97213-6730,Multnomah,Marijuana Home Delivery,
050-101385551D0,Weedology,SEGRETO LLC,RECREATIONAL RETAILER,ACTIVE,07/18/2026,591,E Idaho Ave Ontario,OR,97914-2544,Malheur,Medical Marijuana Retailer,
050-101386729BA,The Bud House,SEGRETO LLC,RECREATIONAL RETAILER,ACTIVE,01/06/2027,115 NE 2ND,St Ontario,OR,97914-2508,Malheur,,
050-101388544AE,M Thrive Organics LLC,M THRIVE ORGANICS LLC,RECREATIONAL RETAILER,ACTIVE,04/18/2026,600,N Main St Joseph,OR,97846-5037,Wallowa,Marijuana Home Delivery,
050-101408643F8,BLOOMINATI CANNABIS CORP,BLOOMINATI CANNABIS CORP,RECREATIONAL RETAILER,ACTIVE,*,240,Sw Washington Ave Corvallis,OR,97333-4407,Benton,Marijuana Home Delivery,
050-101440792DC,Holy Grail,HG-R LLC,RECREATIONAL RETAILER,ACTIVE,01/13/2027,1293,Lincoln St Eugene,OR,97401-3418,Lane,Marijuana Home Delivery,
050-101455619DD,SR Collective,CHRISTOPHER SHIPPS,RECREATIONAL RETAILER,ACTIVE,02/28/2027,26033,Salmon River Hwy Willamina,OR,97396-9728,Yamhill,Medical Marijuana Retailer,
050-101503748E8,Hashstoria,JCCD_GLADSTONE LLC,RECREATIONAL RETAILER,EXPIRED,07/28/2025,17763 82ND DR STE D,,OR,,,,
050-101590083E5,La Mota Merlin LLC,LA MOTA MERLIN LLC,RECREATIONAL RETAILER,ACTIVE,11/04/2026,309 17TH,St Oregon City,OR,97045-1032,Clackamas,Marijuana Home Delivery,
050-101590345D5,La Mota,LA MOTA MYRTLE POINT LLC,RECREATIONAL RETAILER,ACTIVE,09/30/2026,1994,Roseburg Rd Myrtle Point,OR,97458-1669,Coos,Marijuana Home Delivery,
050-101605722B3,Kaleafa,WALNUT ST LLC,RECREATIONAL RETAILER,ACTIVE,12/09/2026,353,Sw Walnut St Hillsboro,OR,97123-3941,Washington,Marijuana Home Delivery,
050-101614187E6,eleven names,ELEVEN NAMES CORPORATION,RECREATIONAL RETAILER,EXPIRED,05/08/2024,853 S RIVERSIDE AVE #,C Medford,OR,97501-7839,Jackson,Marijuana Home Delivery,
050-101684733C4,Next Level Wellness,EMERALD VALLEY OPERATIONS LLC,RECREATIONAL RETAILER,ACTIVE,04/11/2027,2837,Willamette St Ste A Eugene,OR,97405-3291,Lane,Marijuana Home Delivery,
050-101702665A6,Elevation 2150,ONTARIO RETAIL LLC,RECREATIONAL RETAILER,ACTIVE,06/10/2026,2876 SW 4TH AVE STE 1,,OR,,,,
050-101843884F6,Oregon's Finest,OREGON RESOURCES MARKETING LLC / OREGON RESOURCES WHOLESALE LLC,RECREATIONAL RETAILER,ACTIVE,03/16/2026,911 NW 14TH,Ave Portland,OR,97209-2704,Multnomah,Marijuana Home Delivery,
050-101881063C7,Paka House Cannabis,PONO LAPINE LLC,RECREATIONAL RETAILER,INACTIVE,03/14/2024,52690 HIGHWAY 97 STE A,,OR,,,,
050-101894058F6,Crater Cannabis,DUBCATS LLC,RECREATIONAL RETAILER,ACTIVE,*,1180,Crater Lake Ave Medford,OR,97504-6242,Jackson,Marijuana Home Delivery,
050-102229620BA,Canna Bros.,RIVERGLASS SHOP LLC,RECREATIONAL RETAILER,ACTIVE,11/15/2026,1111,S Main St Lebanon,OR,97355-3217,Linn,Medical Marijuana Retailer,
050-102242182F0,Carefree Cannabis,KILLINGSWORTH HOLDINGS LLC,RECREATIONAL RETAILER,INACTIVE,09/07/2025,5926,Ne Killingsworth St Portland,OR,97218-2424,Multnomah,Marijuana Home Delivery,
050-102287075E7,Cookies Halsey,HALSEY ORGANIC LTD,RECREATIONAL RETAILER,ACTIVE,05/24/2026,16102 NE HALSEY ST STE A & B,,OR,,,,
050-102343185D0,LTRMN Direct,LTRMN INC,RECREATIONAL RETAILER,INACTIVE,04/19/2026,17030,Se Mcloughlin Blvd Portland,OR,97267-4960,Multnomah,Marijuana Home Delivery,
050-102398996F1,Rose Bud Incorporated,ROSE BUD INCORPORATED,RECREATIONAL RETAILER,ACTIVE,09/04/2026,2637 NE MARTIN LUTHER KING JR BLVD STE B,,OR,,,,
050-102427410E5,Rogue Valley Cannabis,RVCETD SOUTH LLC,RECREATIONAL RETAILER,ACTIVE,08/27/2026,505,Siskiyou Blvd Ashland,OR,97520-5108,Jackson,Marijuana Home Delivery,
050-102431446CC,Smooth Roots McMinnville,MDSR INC.,RECREATIONAL RETAILER,ACTIVE,06/25/2026,1500,Sw Baker St Mcminnville,OR,97128-6660,Yamhill,Marijuana Home Delivery,
050-102436818C6,Modern Forrest,MODERN PARTNERS LLC,RECREATIONAL RETAILER,ACTIVE,11/20/2025,160,Main St Sweet Home,OR,97386-1404,Linn,Marijuana Home Delivery,
050-102468369DF,Local Market,NEW FRONTIER LLC,RECREATIONAL RETAILER,ACTIVE,03/12/2027,1216 NE 1ST ST STE 100,,OR,,,,
050-1000080680D,The Joint On Market,THE JOINT ON MARKET STREET LLC,RECREATIONAL RETAILER,ACTIVE,11/02/2025,3270,Market St Ne Salem,OR,97301-1815,Marion,Marijuana Home Delivery,
050-1000100101A,Breeze Botanicals Gold Hill,SUN BREEZE INC,RECREATIONAL RETAILER,INACTIVE,09/30/2025,315 2ND,Ave Gold Hill,OR,97525-9509,Jackson,Marijuana Home Delivery,
050-1000163439B,Gorge Greenery,GREEN GIRLS HOOD RIVER INC,RECREATIONAL RETAILER,ACTIVE,09/30/2026,13,Oak St Hood River,OR,97031-2384,Hood River,Marijuana Home Delivery,
050-1000200318F,Madrone Cannabis Club,481 RETAIL LLC,RECREATIONAL RETAILER,INACTIVE,12/28/2025,1435 NW 9TH ST STE 120,,OR,,,,
050-1000235878E,Club Sky High,TR JONES LLC,RECREATIONAL RETAILER,ACTIVE,12/22/2026,8957,N Lombard St Portland,OR,97203-3003,Multnomah,Marijuana Home Delivery,
050-1000292877D,Stone Age Farmacy,GREENLAND ENTERPRISES INC.,RECREATIONAL RETAILER,INACTIVE,06/06/2024,8621,Sw Canyon Dr Portland,OR,97225-3436,Washington,Medical Marijuana Retailer,
050-1000628466D,Amazon Organics,AO OREGON LLC,RECREATIONAL RETAILER,ACTIVE,01/01/2026,3443,Hilyard St Eugene,OR,97405-3881,Lane,Marijuana Home Delivery,
050-1000651584B,Oregon Bud Company,OREGON BUD COMPANY LLC,RECREATIONAL RETAILER,ACTIVE,01/10/2027,3450,River Rd N Keizer,OR,97303-5626,Marion,Marijuana Home Delivery,
050-1001106576F,Kaleafa,WWMP LLC,RECREATIONAL RETAILER,ACTIVE,12/30/2026,5232,Se Woodstock Blvd Portland,OR,97206-6823,Multnomah,Marijuana Home Delivery,
050-1001702682A,Electric Lettuce Lloyd District,GW RETAIL WEIDLER INC.,RECREATIONAL RETAILER,ACTIVE,04/05/2026,203,Ne Weidler St Portland,OR,97232-1155,Multnomah,,
050-1002683515A,La Mota,LA MOTA 9 LLC,RECREATIONAL RETAILER,ACTIVE,02/12/2027,1291 W 7TH,Ave Eugene,OR,97402-4529,Lane,Marijuana Home Delivery,
050-1003040668A,AmeriCanna Rx,THE 5 OF US LLC.,RECREATIONAL RETAILER,ACTIVE,11/13/2026,8654,Ne Sandy Blvd Portland,OR,97220-4904,Multnomah,Marijuana Home Delivery,
050-1003951867F,Top Shelf Medicine,TSM LLC,RECREATIONAL RETAILER,ACTIVE,01/18/2027,815,Ne Greenwood Ave Bend,OR,97701-4816,Deschutes,Marijuana Home Delivery,
050-1004120449B,GREEN APPLE NW,JIN'S INC.,RECREATIONAL RETAILER,ACTIVE,08/28/2026,24180 SE BORGES RD #,A Damascus,OR,97089-6590,Clackamas,Marijuana Home Delivery,
050-1004337113E,Paradise Found,JIMO HOLDINGS LLC,RECREATIONAL RETAILER,ACTIVE,01/22/2026,10735,Ne Halsey St Portland,OR,97220-4078,Multnomah,Medical Marijuana Retailer,
050-1004661768A,Farm Grass Table,PREMIUM MEDICINE OF OREGON LLC,RECREATIONAL RETAILER,ACTIVE,11/29/2026,4140,Westcliff Dr Hood River,OR,97031-7719,Hood River,Medical Marijuana Retailer,
050-1004664909E,Rare Earth Dispensary LLC,RARE EARTH DISPENSARY LLC,RECREATIONAL RETAILER,ACTIVE,12/30/2026,2880 ELMIRA RD STE B,,OR,,,,
050-1004819175D,Coastal High Ways,COASTAL HIGH WAYS LLC,RECREATIONAL RETAILER,ACTIVE,02/02/2026,2233,Broadway Ave North Bend,OR,97459-2331,Coos,,
050-1004832102C,Plane Jane's,PLANE JANE'S LLC,RECREATIONAL RETAILER,ACTIVE,03/07/2026,10530,Ne Simpson St Portland,OR,97220-1220,Multnomah,Marijuana Home Delivery,
050-1005282230C,K9 Chronic LLC,K9 CHRONIC LLC,RECREATIONAL RETAILER,CANCELLED,03/30/2025,1505 18TH,St Ste Ab Springfield,OR,97477-7815,Lane,,
050-1005305255D,Grasslands Dispensary,MCQ WORKS LLC,RECREATIONAL RETAILER,ACTIVE,03/14/2027,154,Lawrence St Eugene,OR,97401-2253,Lane,,
050-1005488731C,Herbal Remedies 2,HERBAL REMEDIES 2 INC,RECREATIONAL RETAILER,ACTIVE,03/01/2027,3940,Commercial St Se Salem,OR,97302-3837,Marion,Marijuana Home Delivery,
050-1005805038C,Sweet Relief Scappoose,G. O. ENTERPRISES LLC,RECREATIONAL RETAILER,ACTIVE,03/23/2026,52515,Columbia River Hwy Scappoose,OR,97056,Columbia,Marijuana Home Delivery,
050-1005927788A,Touch of Aloha,SRH HOLDINGS LLC,RECREATIONAL RETAILER,EXPIRED,03/26/2024,3885 N HIGHWAY 101,Depoe Bay,OR,97341-9767,Lincoln,,
050-1006056756D,Oregon Cannabis Outlet,420 INVESTMENTS LLC,RECREATIONAL RETAILER,CANCELLED,08/05/2025,1416 W 7TH,Ave Eugene,OR,97402-4424,Lane,,
050-1006174477B,Blackbird Crow,BLACKBIRD CROW LLC,RECREATIONAL RETAILER,INACTIVE,05/09/2024,593,Jackson St E Monmouth,OR,97361-1513,Polk,,
050-1007718656B,The Arboretum,BERYL INDUSTRIES LLC,RECREATIONAL RETAILER,ACTIVE,02/21/2026,1541 HIGHWAY 101,Florence,OR,97439-9603,Lane,Marijuana Home Delivery,
050-1008031898B,Budlandia,EVERETT HOLDINGS LLC,RECREATIONAL RETAILER,INACTIVE,01/13/2026,7536,Ne Martin Luther King Blvd Portland,OR,97211-2830,Multnomah,Marijuana Home Delivery,
050-1008521615D,Paradise Found,JIA HOLDINGS LTD,RECREATIONAL RETAILER,INACTIVE,02/21/2025,10655 SE 42ND,Ave Milwaukie,OR,97222-5251,Clackamas,,
050-1009165329F,SUBSTANCE,BLOOM WELL INC,RECREATIONAL RETAILER,ACTIVE,02/27/2027,61406 S HIGHWAY 97,Bend,OR,97702-3338,Deschutes,Marijuana Home Delivery,
050-1009200822A,Cafe Verde,CAFE VERDE LLC,RECREATIONAL RETAILER,ACTIVE,03/05/2027,2455,Rogue River Hwy Grants Pass,OR,97527-4634,Josephine,Marijuana Home Delivery,
050-1010879025E,Pioneer Cannabis Co.,PIONEER HERBS LLC,RECREATIONAL RETAILER,ACTIVE,11/27/2026,141 S 5TH,St Madras,OR,97741-1601,Jefferson,Marijuana Home Delivery,
050-1010887904B,Green Health Eugene,SUGARBUSH BOTANICALS LLC,RECREATIONAL RETAILER,ACTIVE,06/03/2026,607 HIGHWAY 99,N Eugene,OR,97402-2306,Lane,Marijuana Home Delivery,
050-1011403433E,Terpene Station,LGCLORDIS2 LLC,RECREATIONAL RETAILER,INACTIVE,05/07/2024,645 RIVER RD STE 3,Eugene,OR,97404-3288,Lane,Marijuana Home Delivery,
050-1011560383A,La Mota,AARON MITCHELL,RECREATIONAL RETAILER,ACTIVE,07/22/2026,1258,S Riverside Ave Medford,OR,97501-7848,Jackson,Marijuana Home Delivery,
050-1011662585D,Floyd's,BTE 4 LLC,RECREATIONAL RETAILER,ACTIVE,12/14/2026,2515,Nw Nicolai St Portland,OR,97210-1814,Multnomah,Marijuana Home Delivery,
050-1011974206C,Beaver Bowls,VON KNIGGIE LTD,RECREATIONAL RETAILER,ACTIVE,07/18/2026,1434,Pacific Blvd Se Albany,OR,97321-4827,Linn,Marijuana Home Delivery,
050-1012482959A,Red Barn Dispensary,RB BANDON 1 LLC,RECREATIONAL RETAILER,ACTIVE,10/25/2026,161,Ne Main St Winston,OR,97496,Douglas,Marijuana Home Delivery,
050-1012564330F,Wildcat Oils & Flower,WILDCAT HOLDINGS LLC,RECREATIONAL RETAILER,EXPIRED,02/10/2024,6906,Se Johnson Creek Blvd Portland,OR,97206-9460,Multnomah,,
050-1013873660A,Frontier Farms - Hood River,FFR INC.,RECREATIONAL RETAILER,ACTIVE,*,602,Oak St Hood River,OR,97031-1812,Hood River,Marijuana Home Delivery,
050-1015901628C,La Mota,LA MOTA BURNSIDE LLC,RECREATIONAL RETAILER,ACTIVE,01/20/2027,13828,E Burnside St Portland,OR,97233-1854,Multnomah,Marijuana Home Delivery,
050-1016174005F,Substance,BLOOM WELL INC,RECREATIONAL RETAILER,ACTIVE,07/13/2026,2715 ROW RIVER RD STE A,,OR,,,,
050-1016410334A,High Supply,HOTBOX FARMS LLC,RECREATIONAL RETAILER,ACTIVE,06/28/2026,482 NE 3RD,St Ontario,OR,97914-2528,Malheur,Marijuana Home Delivery,
050-1017115637F,Natural Remedies,GREEN REMEDIES LLC,RECREATIONAL RETAILER,ACTIVE,06/27/2026,9810,E Burnside St Portland,OR,97216-2330,Multnomah,Marijuana Home Delivery,
050-1017432812F,TJ's on Broadway,JV RETAIL 4 LLC,RECREATIONAL RETAILER,INACTIVE,09/16/2025,1487,Broadway St Ne Salem,OR,97301-1427,Marion,Marijuana Home Delivery,
050-1019275662B,Refinery Canna Connoisseur,THE NATURAL REFINERY LLC,RECREATIONAL RETAILER,EXPIRED,06/06/2024,2627,Ne Broadway St Portland,OR,97232-1720,Multnomah,Marijuana Home Delivery,
050-1022133081E,MAKS Oregon LLC,MAKS OREGON LLC,RECREATIONAL RETAILER,INACTIVE,04/26/2026,11030 SW Capitol Hwy Portland,,OR,,,,
050-1022388374D,Good Karma Commercial,DSO COMMERCIAL LLC,RECREATIONAL RETAILER,EXPIRED,01/02/2025,3755,Commercial St Se Salem,OR,97302-3832,Marion,Marijuana Home Delivery,
050-1022840966C,Private reserve Cannabis 101,PRC INC.,RECREATIONAL RETAILER,ACTIVE,11/16/2026,85289 HIGHWAY 101,Florence,OR,97439-8532,Lane,Marijuana Home Delivery,
050-1023557271F,Ripped City Greenz,S&K INC,RECREATIONAL RETAILER,ACTIVE,03/19/2027,15591,Se Mcloughlin Blvd Milwaukie,OR,97267-3853,Clackamas,Marijuana Home Delivery,
050-1023563016E,M.C. Spectrum,M.C. SPECTRUM LLC,RECREATIONAL RETAILER,ACTIVE,05/07/2026,5757,Commercial St Se Salem,OR,97306-1262,Marion,,
050-1023643163D,Joint Venture Cannabis,EHC HOLDINGS LLC,RECREATIONAL RETAILER,INACTIVE,07/04/2026,1111,Willamette St Eugene,OR,97401-3512,Lane,Marijuana Home Delivery,
050-1024521338D,THX,THX LLC,RECREATIONAL RETAILER,ACTIVE,09/05/2025,4931 NE 33RD,Ave Portland,OR,97211-7059,Multnomah,Marijuana Home Delivery,
050-1024663670B,Truth Dispensary,TRUTH 2 INC,RECREATIONAL RETAILER,ACTIVE,08/09/2026,2345,Center St Ne Salem,OR,97301-4464,Marion,Marijuana Home Delivery,
050-1025388328A,Sensible Cannabis Company,PAC NW VENTURES LLC,RECREATIONAL RETAILER,ACTIVE,12/25/2026,1780,Nw Marshall St Portland,OR,97209-2421,Multnomah,Marijuana Home Delivery,
050-1025540764D,Lucky Lion,LL RETAIL INCORPORATED,RECREATIONAL RETAILER,ACTIVE,01/17/2027,2147,Main St Springfield,OR,97477-5071,Lane,Medical Marijuana Retailer,
050-10000680436,MARITIME CAFE,ELSNER INC.,RECREATIONAL RETAILER,ACTIVE,12/31/2026,17417,Se Mcloughlin Blvd Milwaukie,OR,97267-5906,Clackamas,Marijuana Home Delivery,
050-10001271938,Breeze Botanicals Ashland,SUN BREEZE INC,RECREATIONAL RETAILER,INACTIVE,09/30/2025,1526,Siskiyou Blvd Ashland,OR,97520-2406,Jackson,Marijuana Home Delivery,
050-10002248531,Growing ReLeaf,GROWING RELEAF INC.,RECREATIONAL RETAILER,INACTIVE,12/31/2024,4160 SW 109TH,Ave Beaverton,OR,97005-3029,Washington,,
050-10005564876,I and I Newport,JAH LION LLC,RECREATIONAL RETAILER,EXPIRED,12/22/2023,452,Sw Bay Blvd Newport,OR,97365-4508,Lincoln,Marijuana Home Delivery,
050-10006222890,The Holistic Coop LLC,THE HOLISTIC COOP LLC,RECREATIONAL RETAILER,ACTIVE,11/16/2026,1049,E Main St Cottage Grove,OR,97424-2231,Lane,Marijuana Home Delivery,
050-10007839141,Budlandia,EVERETT HOLDINGS LLC,RECREATIONAL RETAILER,ACTIVE,12/30/2026,16440 SE DIVISION ST STE B,,OR,,,,
050-10020141411,Cannabis Nation Gresham,GRESHAMGOLD INC,RECREATIONAL RETAILER,ACTIVE,10/05/2026,1500,Ne Division St Gresham,OR,97030-4254,Multnomah,Marijuana Home Delivery,
050-10020483760,Cannabis Nation - Seaside,SSCN INC,RECREATIONAL RETAILER,ACTIVE,12/28/2026,550,S Roosevelt Dr Seaside,OR,97138-6748,Clatsop,Marijuana Home Delivery,
050-10023615819,Thurman Street Collective,THURMAN STREET GALLERY LLC,RECREATIONAL RETAILER,ACTIVE,12/31/2026,2384,Nw Thurman St Portland,OR,97210-2521,Multnomah,Marijuana Home Delivery,
050-10024220915,Kings of Canna,KJK ENTERPRISES LLC,RECREATIONAL RETAILER,ACTIVE,11/28/2026,1465 NE PRESCOTT ST APT C,,OR,,,,
050-10024934771,Medicine Tree LLC,MEDICINE TREE LLC,RECREATIONAL RETAILER,INACTIVE,12/28/2026,2046 NE HIGHWAY 99W STE A,,OR,,,,
050-10027689736,FLOWR OF LYFE,FLOWR OF LYFE LLC,RECREATIONAL RETAILER,ACTIVE,12/27/2026,114,W Broadway Eugene,OR,97401-3004,Lane,Marijuana Home Delivery,
050-10027870140,Buds 4 U,BUDS4U LLC,RECREATIONAL RETAILER,EXPIRED,04/05/2024,3005,Sw Multnomah Blvd Portland,OR,97219-3701,Lane,Medical Marijuana Retailer,
050-10032418898,Green Ridge Apothecary,DANIELLE MARIE KLAUS-BAILEY,RECREATIONAL RETAILER,ACTIVE,10/03/2026,106 NE 8TH,St Mcminnville,OR,97128-4910,Yamhill,Marijuana Home Delivery,
050-10033590195,Canna Bros.,RIVERGLASS SHOP LLC,RECREATIONAL RETAILER,ACTIVE,06/19/2026,1210,W Main St Sheridan,OR,97378,Yamhill,Medical Marijuana Retailer,
050-10034791408,Mandy's Sugar Shack,MANDY'S SUGAR SHACK,RECREATIONAL RETAILER,EXPIRED,12/29/2023,339 OR-99 S COTTAGE GROVE OR  97424-,,OR,,Lane,Medical Marijuana Retailer,
050-10038053342,Urban Farmacy,URBAN FARMACY LLC,RECREATIONAL RETAILER,ACTIVE,12/29/2026,420 NE 60TH,Ave Portland,OR,97213-3726,Multnomah,Marijuana Home Delivery,
050-10038995791,Green Room (Campus),COPR INCORPORATED,RECREATIONAL RETAILER,ACTIVE,12/28/2026,111 NW 16TH,St Corvallis,OR,97330-5701,Benton,Marijuana Home Delivery,
050-10039882706,Bigfoot Bud Company,JOMOSH LLC,RECREATIONAL RETAILER,INACTIVE,12/27/2025,109,W Main St Molalla,OR,97038,Clackamas,Marijuana Home Delivery,
050-10046559560,Marie Janes Cannabis Connection,ZERJAN LLC,RECREATIONAL RETAILER,ACTIVE,03/06/2026,568 SW 3RD,St Corvallis,OR,97333-4439,Benton,Marijuana Home Delivery,
050-10047883377,Sumpter Nugget,POWDER RIVER INDUSTRIES LLC,RECREATIONAL RETAILER,ACTIVE,01/11/2027,160 MILL ST STE 102,,OR,,,,
050-10049061904,HomeGrown Remedies,HOME GROWN REMEDIES LLC,RECREATIONAL RETAILER,ACTIVE,01/04/2027,277 N 3RD,Ave Stayton,OR,97383-1723,Marion,Medical Marijuana Retailer,
050-10049684964,Central Organics,EVERGREEN ORGANICS INC,RECREATIONAL RETAILER,ACTIVE,01/23/2027,780 SW 4TH,St Madras,OR,97741-1147,Jefferson,Medical Marijuana Retailer,
050-10050430383,Cured Green,CURED GREEN LLC,RECREATIONAL RETAILER,ACTIVE,04/13/2027,3715 N LOMBARD ST STE B,,OR,,,,
050-10050652956,SkunkRX,SKUNKRX LLC,RECREATIONAL RETAILER,INACTIVE,02/12/2026,8979,Rogue River Hwy Ste B Grants Pass,OR,97527-4377,Jackson,Marijuana Home Delivery,1655059-0
050-10051024930,Canna Beach Junction,CANNA BEACH JUNCTION LLC,RECREATIONAL RETAILER,ACTIVE,09/10/2026,84834 HIGHWAY 101,Seaside,OR,97138-3601,Clatsop,Marijuana Home Delivery,
050-10051701948,Sativa's Place,DESS ENTERPRISES LLC,RECREATIONAL RETAILER,ACTIVE,02/06/2027,1106,Nw Van Buren Ave Corvallis,OR,97330-6039,Benton,Medical Marijuana Retailer,
050-10051948111,C&C Farms Rec Shop,PATIENTS HELPING PATIENTS LLC,RECREATIONAL RETAILER,ACTIVE,07/26/2026,2390 W MAIN ST STE D,,OR,,,,
050-10054414005,BUD BROS LLC,BUD BROS LLC,RECREATIONAL RETAILER,ACTIVE,02/13/2027,1240 CHETCO AVE STE E AND F,,OR,,,,
050-10059292304,Sweet Leaf Illusions,SWEET LEAF ILLUSIONS LLC,RECREATIONAL RETAILER,ACTIVE,02/14/2026,8434 SE 82ND,Ave Portland,OR,97266-6569,Multnomah,Marijuana Home Delivery,
050-10061095779,Cloud 9 Wellness,TJH ENTERPRISES INC,RECREATIONAL RETAILER,ACTIVE,08/22/2026,2560,Crater Lake Hwy Ste C Medford,OR,97504-4172,Jackson,Marijuana Home Delivery,
050-10069997015,Going Green Sweet Home,GOING GREEN SWEET HOME INC,RECREATIONAL RETAILER,ACTIVE,11/29/2026,2252,Main St Sweet Home,OR,97386-2888,Linn,Marijuana Home Delivery,
050-10070500173,ReLeaf Health,RELEAF HEALTH OREGON LLC,RECREATIONAL RETAILER,CANCELLED,03/11/2024,3213,Ne Martin Luther King Jr Blvd Portland,OR,97212-2055,Multnomah,Marijuana Home Delivery,
050-10071949172,La Mota Front Ave LLC,LA MOTA FRONT AVE LLC,RECREATIONAL RETAILER,ACTIVE,09/23/2026,3075,Nw Front Ave Portland,OR,97210-1505,Multnomah,Marijuana Home Delivery,
050-10079307113,La Mota,LA MOTA GOLD BEACH LLC,RECREATIONAL RETAILER,ACTIVE,07/31/2026,29846,Ellensburg Ave Gold Beach,OR,97444,Curry,Marijuana Home Delivery,
050-10085813943,The New Amsterdam,THE NEW AMSTERDAM LLC,RECREATIONAL RETAILER,ACTIVE,06/17/2026,15,N F St Lakeview,OR,97630-1527,Lake,Marijuana Home Delivery,01679198 2
050-10092871208,The House of Dank LLC,THE HOUSE OF DANK LLC,RECREATIONAL RETAILER,ACTIVE,05/30/2026,379 FIR AVE STE 6-8,Reedsport,OR,97467-4405,Douglas,Marijuana Home Delivery,
050-10097838926,HGR2,HOME GROWN REMEDIES LLC,RECREATIONAL RETAILER,ACTIVE,*,7314 3RD,St Se Turner,OR,97392-9702,Marion,Medical Marijuana Retailer,
050-10109129484,Blue River Grass Station,BLUE RIVER GRASS STATION LLC,RECREATIONAL RETAILER,EXPIRED,04/04/2024,51752,Blue River Dr Blue River,OR,97413-9755,Lane,Marijuana Home Delivery,
050-10109341201,High Quality,HQ II LLC,RECREATIONAL RETAILER,ACTIVE,11/19/2026,1435 NW 9TH ST STE 110,,OR,,,,
050-10112435901,Deanz Greenz,GREEN FEATHER LLC,RECREATIONAL RETAILER,ACTIVE,11/29/2026,14154,Se Division St Portland,OR,97236-2629,Multnomah,Medical Marijuana Retailer,
050-10121449985,Eden,HOLMAN ST VENTURES LLC,RECREATIONAL RETAILER,EXPIRED,03/07/2024,11309,Ne Holman St Portland,OR,97220-1065,Multnomah,Marijuana Home Delivery,
050-10121913172,Ocean Grown Cannabis Company,OCEAN GROWN CANNABIS COMPANY LLC,RECREATIONAL RETAILER,INACTIVE,10/23/2026,1597,E Vilas Rd Medford,OR,97502-9471,Jackson,Marijuana Home Delivery,
050-10126938755,Bud's,454 LLC,RECREATIONAL RETAILER,INACTIVE,06/01/2025,101,S Riverside Ave Medford,OR,97501-7234,Jackson,Marijuana Home Delivery,
050-10129671010,RJ's Leaf,GREEN TRAIN LLC,RECREATIONAL RETAILER,ACTIVE,12/07/2026,5501,Nw Saint Helens Rd Portland,OR,97210-1139,Multnomah,Marijuana Home Delivery,
050-10140009965,A Better Way Cannabis,A BETTER WAY MEDICINAL ALTERNATIVES LLC,RECREATIONAL RETAILER,ACTIVE,03/21/2027,3255 WASHBURN WAY STE 4,Klamath Falls,OR,97603-4583,Klamath,Medical Marijuana Retailer,
050-10145124694,Cream Cannabis,MAIN STRAINS LLC,RECREATIONAL RETAILER,ACTIVE,04/18/2026,2824,Sw Sam Jackson Park Rd Portland,OR,97201-3006,Multnomah,Marijuana Home Delivery,
050-10155684476,Going Green Eugene,GOING GREEN SWEET HOME INC,RECREATIONAL RETAILER,ACTIVE,09/28/2026,439 W 1ST,Ave Eugene,OR,97401-2276,Lane,Marijuana Home Delivery,
050-10158961801,La Mota,LA MOTA NORTH PORTLAND LLC,RECREATIONAL RETAILER,ACTIVE,11/03/2026,9440,N Saint Louis Ave Portland,OR,97203-2273,Multnomah,Marijuana Home Delivery,
050-10160898042,Substance,BLOOM WELL INC,RECREATIONAL RETAILER,ACTIVE,10/06/2026,26,N E St Lakeview,OR,97630-1524,Lake,Marijuana Home Delivery,
050-10161982296,Knotty Leaves,KDL CORPORATION,RECREATIONAL RETAILER,ACTIVE,12/09/2026,769 N MAIN ST STE C,,OR,,,,
050-10162085768,High Tide Wellness Center LLC.,HIGH TIDE WELLNESS CENTER LLC,RECREATIONAL RETAILER,ACTIVE,03/14/2026,1105,Chetco Ave Brookings,OR,97415,Curry,Marijuana Home Delivery,
050-10167774072,GREENFRONT,J.T.W. II LLC,RECREATIONAL RETAILER,ACTIVE,*,8138,Ne Sandy Blvd Portland,OR,97213-7155,Multnomah,Marijuana Home Delivery,
050-10168033385,Main Street Cannabis,AGRICOLA INDEPENDENCE INC.,RECREATIONAL RETAILER,EXPIRED,02/24/2026,905 N MAIN ST STE A,,OR,,,,
050-10169436254,Top Crop Cannabis,CHADCOR HOLDINGS 3 CO.,RECREATIONAL RETAILER,ACTIVE,08/09/2026,1945 NW 9TH,St Corvallis,OR,97330-2146,Benton,Marijuana Home Delivery,
050-10171352370,The Herb Center,THC RETAIL LLC,RECREATIONAL RETAILER,INACTIVE,07/19/2026,921 7TH,St Oregon City,OR,97045-2325,Clackamas,Marijuana Home Delivery,
050-10182713171,Wicked Flower Shop,EDENTIA HOLDINGS LLC,RECREATIONAL RETAILER,ACTIVE,06/08/2026,600,E Jackson St Medford,OR,97504-6706,Jackson,Marijuana Home Delivery,
050-10183821921,Mood,LEKCINTON INC,RECREATIONAL RETAILER,ACTIVE,04/24/2026,80 RIVER LOOP 2 STE A,,OR,,,,
050-10186339455,WeedAgain,TRI CONSULTING & PROPERTIES LLC,RECREATIONAL RETAILER,ACTIVE,05/11/2026,47670 HIGHWAY 58 STE B,,OR,,,,
050-10191166307,Minions,ELEVATE NORTHWEST LLC,RECREATIONAL RETAILER,INACTIVE,05/25/2025,3700 RIVER RD N STE 9,,OR,,,,
050-10201128197,Sensible Cannabis Company,PAC NW VENTURES LLC,RECREATIONAL RETAILER,ACTIVE,09/12/2026,1926 NE 40TH,Ave Portland,OR,97212-5310,Multnomah,Marijuana Home Delivery,
050-10211129638,The Herbsman,GIDDY BOY INC,RECREATIONAL RETAILER,ACTIVE,07/07/2026,1244,S Riverside Ave Medford,OR,97501-7848,Jackson,Marijuana Home Delivery,
050-10226385291,Paka House Cannabis,PONO SALEM LLC,RECREATIONAL RETAILER,INACTIVE,03/23/2024,1310 12TH,St Se Salem,OR,97302-2815,Marion,,
050-10233096850,The Cannabis Shop,TNTT CORPORATION,RECREATIONAL RETAILER,ACTIVE,01/22/2027,37575,Century Dr Ne Albany,OR,97322-7455,Linn,Marijuana Home Delivery,
050-10237733790,Green Oasis Cannabis Dispensary,GO RETAIL GROUP LLC,RECREATIONAL RETAILER,ACTIVE,04/30/2026,1035 SE TACOMA ST UNIT A,,OR,,,,
050-10241488342,Lemonnade Milwaukie,LEMONNADE MILWAUKIE INC.,RECREATIONAL RETAILER,ACTIVE,06/27/2026,18819,Se Mcloughlin Blvd Milwaukie,OR,97267-6735,Clackamas,Marijuana Home Delivery,
050-10242705456,Rogue Valley Cannabis,RVCETD WEST LLC,RECREATIONAL RETAILER,ACTIVE,08/28/2026,2060,W Main St Medford,OR,97501-2206,Jackson,Marijuana Home Delivery,
050-10243221743,Modern Forrest,MODERN PARTNERS LLC,RECREATIONAL RETAILER,ACTIVE,11/21/2025,634,S Main St Lebanon,OR,97355-3337,Linn,Marijuana Home Delivery,
050-10244898359,The Flower Room,THE FLOWER ROOM LLC,RECREATIONAL RETAILER,ACTIVE,09/13/2026,64619 HIGHWAY 20,Bend,OR,97703-9938,Deschutes,Marijuana Home Delivery,
050-10245470240,The New Amsterdam,THE NEW AMSTERDAM LLC,RECREATIONAL RETAILER,ACTIVE,08/27/2026,24394,Redwood Hwy Kerby,OR,97531-9722,Josephine,Marijuana Home Delivery,01679198 2
050-10251865797,Smooth Roots Astoria,ORSR LLC,RECREATIONAL RETAILER,ACTIVE,11/16/2026,491,W Marine Dr Astoria,OR,97103-6309,Clatsop,Marijuana Home Delivery,
050-10257546056,Gnome Grown Oregon,GNOME GROWN RETAIL LLC,RECREATIONAL RETAILER,ACTIVE,02/26/2027,2005,Beavercreek Rd Oregon City,OR,97045-4125,Clackamas,,
