Month,County,Count
2020-3,Cache,17
2020-3,Davis,91
2020-3,Salt Lake,396
2020-3,Tooele,18
2020-3,Utah,86
2020-3,Weber,72
2020-4,Box Elder,25
2020-4,Cache,54
2020-4,Davis,140
2020-4,Other,12
2020-4,Salt Lake,613
2020-4,Tooele,36
2020-4,Utah,150
2020-4,Washington,13
2020-4,Weber,133
2020-5,Box Elder,20
2020-5,Cache,68
2020-5,Davis,122
2020-5,Other,13
2020-5,Salt Lake,591
2020-5,Tooele,24
2020-5,Utah,161
2020-5,Weber,79
2020-6,Box Elder,54
2020-6,Cache,131
2020-6,Davis,200
2020-6,Other,15
2020-6,Salt Lake,770
2020-6,Summit,13
2020-6,Tooele,26
2020-6,Utah,205
2020-6,Washington,12
2020-6,Weber,212
2020-7,Box Elder,97
2020-7,Cache,246
2020-7,Davis,363
2020-7,Other,17
2020-7,Salt Lake,999
2020-7,Summit,20
2020-7,Tooele,38
2020-7,Utah,264
2020-7,Wasatch,12
2020-7,Washington,19
2020-7,Weber,445
2020-8,Box Elder,117
2020-8,Cache,287
2020-8,Carbon,17
2020-8,Davis,481
2020-8,Other,25
2020-8,Salt Lake,1284
2020-8,Sanpete,14
2020-8,Summit,31
2020-8,Tooele,54
2020-8,Utah,353
2020-8,Wasatch,17
2020-8,Washington,21
2020-8,Weber,576
2020-9,Box Elder,136
2020-9,Cache,312
2020-9,Carbon,23
2020-9,Davis,651
2020-9,Morgan,16
2020-9,Other,30
2020-9,Salt Lake,1683
2020-9,Sanpete,21
2020-9,Summit,38
2020-9,Tooele,81
2020-9,Utah,753
2020-9,Wasatch,30
2020-9,Washington,29
2020-9,Weber,734
2020-10,Box Elder,157
2020-10,Cache,371
2020-10,Carbon,28
2020-10,Davis,840
2020-10,Morgan,20
2020-10,Other,39
2020-10,Salt Lake,2410
2020-10,Sanpete,28
2020-10,Summit,73
2020-10,Tooele,109
2020-10,Utah,1035
2020-10,Wasatch,41
2020-10,Washington,41
2020-10,Weber,868
2020-11,Box Elder,170
2020-11,Cache,423
2020-11,Carbon,47
2020-11,Davis,900
2020-11,Duchesne,22
2020-11,Juab,12
2020-11,Millard,13
2020-11,Morgan,20
2020-11,Other,49
2020-11,Salt Lake,2984
2020-11,Sanpete,27
2020-11,Sevier,17
2020-11,Summit,89
2020-11,Tooele,129
2020-11,Utah,1205
2020-11,Wasatch,55
2020-11,Washington,55
2020-11,Weber,955
2020-12,Box Elder,190
2020-12,Cache,475
2020-12,Carbon,44
2020-12,Davis,1093
2020-12,Duchesne,23
2020-12,Iron,12
2020-12,Juab,25
2020-12,Millard,15
2020-12,Morgan,25
2020-12,Other,50
2020-12,Salt Lake,3575
2020-12,Sanpete,41
2020-12,Sevier,17
2020-12,Summit,102
2020-12,Tooele,153
2020-12,Utah,1428
2020-12,Wasatch,63
2020-12,Washington,61
2020-12,Weber,1153
2021-1,Box Elder,253
2021-1,Cache,610
2021-1,Carbon,52
2021-1,Davis,1432
2021-1,Duchesne,30
2021-1,Emery,17
2021-1,Juab,32
2021-1,Millard,26
2021-1,Morgan,33
2021-1,Other,160
2021-1,Salt Lake,4827
2021-1,Sanpete,54
2021-1,Sevier,35
2021-1,Summit,132
2021-1,Tooele,219
2021-1,Uintah,16
2021-1,Utah,1957
2021-1,Wasatch,73
2021-1,Washington,79
2021-1,Weber,1478
2021-2,Box Elder,263
2021-2,Cache,664
2021-2,Carbon,53
2021-2,Davis,1579
2021-2,Duchesne,31
2021-2,Emery,18
2021-2,Juab,34
2021-2,Millard,24
2021-2,Morgan,30
2021-2,Other,130
2021-2,Salt Lake,5225
2021-2,Sanpete,54
2021-2,Sevier,29
2021-2,Summit,180
2021-2,Tooele,238
2021-2,Uintah,38
2021-2,Utah,2202
2021-2,Wasatch,93
2021-2,Washington,86
2021-2,Weber,1594
2021-3,Box Elder,348
2021-3,Cache,806
2021-3,Carbon,72
2021-3,Davis,1838
2021-3,Duchesne,37
2021-3,Emery,19
2021-3,Iron,19
2021-3,Juab,38
2021-3,Millard,36
2021-3,Morgan,48
2021-3,Other,85
2021-3,Rich,12
2021-3,Salt Lake,6268
2021-3,Sanpete,71
2021-3,Sevier,35
2021-3,Summit,245
2021-3,Tooele,274
2021-3,Uintah,35
2021-3,Utah,2727
2021-3,Wasatch,124
2021-3,Washington,114
2021-3,Weber,1930
2021-4,Box Elder,350
2021-4,Cache,841
2021-4,Carbon,88
2021-4,Davis,1935
2021-4,Duchesne,43
2021-4,Emery,20
2021-4,Iron,21
2021-4,Juab,36
2021-4,Millard,38
2021-4,Morgan,51
2021-4,Other,63
2021-4,Rich,15
2021-4,Salt Lake,6802
2021-4,Sanpete,84
2021-4,Sevier,43
2021-4,Summit,261
2021-4,Tooele,302
2021-4,Uintah,45
2021-4,Utah,2896
2021-4,Wasatch,136
2021-4,Washington,137
2021-4,Weber,2034
2021-5,Box Elder,390
2021-5,Cache,868
2021-5,Carbon,68
2021-5,Davis,2053
2021-5,Duchesne,38
2021-5,Emery,24
2021-5,Iron,26
2021-5,Juab,48
2021-5,Millard,40
2021-5,Morgan,39
2021-5,Other,64
2021-5,Salt Lake,6844
2021-5,Sanpete,90
2021-5,Sevier,36
2021-5,Summit,291
2021-5,Tooele,324
2021-5,Uintah,40
2021-5,Utah,3122
2021-5,Wasatch,148
2021-5,Washington,147
2021-5,Weber,2121
2021-6,Beaver,15
2021-6,Box Elder,410
2021-6,Cache,914
2021-6,Carbon,88
2021-6,Davis,2114
2021-6,Duchesne,45
2021-6,Emery,26
2021-6,Iron,170
2021-6,Juab,55
2021-6,Kane,14
2021-6,Millard,44
2021-6,Morgan,53
2021-6,Other,93
2021-6,Salt Lake,7217
2021-6,Sanpete,88
2021-6,Sevier,44
2021-6,Summit,299
2021-6,Tooele,307
2021-6,Uintah,45
2021-6,Utah,3334
2021-6,Wasatch,154
2021-6,Washington,493
2021-6,Weber,2131
2021-7,Beaver,22
2021-7,Box Elder,446
2021-7,Cache,946
2021-7,Carbon,97
2021-7,Davis,2294
2021-7,Duchesne,46
2021-7,Emery,31
2021-7,Iron,223
2021-7,Juab,57
2021-7,Kane,13
2021-7,Millard,39
2021-7,Morgan,54
2021-7,Other,107
2021-7,Salt Lake,7665
2021-7,Sanpete,110
2021-7,Sevier,55
2021-7,Summit,356
2021-7,Tooele,340
2021-7,Uintah,48
2021-7,Utah,3541
2021-7,Wasatch,182
2021-7,Washington,643
2021-7,Weber,2268
2021-8,Beaver,26
2021-8,Box Elder,475
2021-8,Cache,940
2021-8,Carbon,107
2021-8,Davis,2395
2021-8,Duchesne,45
2021-8,Emery,33
2021-8,Garfield,13
2021-8,Iron,296
2021-8,Juab,60
2021-8,Kane,21
2021-8,Millard,47
2021-8,Morgan,60
2021-8,Other,131
2021-8,Rich,12
2021-8,Salt Lake,8140
2021-8,Sanpete,112
2021-8,Sevier,55
2021-8,Summit,348
2021-8,Tooele,369
2021-8,Uintah,48
2021-8,Utah,3815
2021-8,Wasatch,188
2021-8,Washington,751
2021-8,Weber,2353
2021-9,Beaver,30
2021-9,Box Elder,472
2021-9,Cache,1010
2021-9,Carbon,118
2021-9,Davis,2519
2021-9,Duchesne,45
2021-9,Emery,34
2021-9,Garfield,19
2021-9,Grand,12
2021-9,Iron,349
2021-9,Juab,70
2021-9,Kane,19
2021-9,Millard,46
2021-9,Morgan,58
2021-9,Other,113
2021-9,Rich,12
2021-9,Salt Lake,8442
2021-9,Sanpete,120
2021-9,Sevier,51
2021-9,Summit,377
2021-9,Tooele,406
2021-9,Uintah,54
2021-9,Utah,4003
2021-9,Wasatch,198
2021-9,Washington,820
2021-9,Weber,2499
2021-10,Beaver,33
2021-10,Box Elder,517
2021-10,Cache,1086
2021-10,Carbon,147
2021-10,Davis,2622
2021-10,Duchesne,46
2021-10,Emery,39
2021-10,Garfield,21
2021-10,Grand,18
2021-10,Iron,385
2021-10,Juab,71
2021-10,Kane,23
2021-10,Millard,51
2021-10,Morgan,62
2021-10,Other,119
2021-10,Salt Lake,8929
2021-10,Sanpete,133
2021-10,Sevier,56
2021-10,Summit,390
2021-10,Tooele,438
2021-10,Uintah,48
2021-10,Utah,4094
2021-10,Wasatch,206
2021-10,Washington,887
2021-10,Weber,2534
2021-11,Beaver,32
2021-11,Box Elder,529
2021-11,Cache,1128
2021-11,Carbon,138
2021-11,Davis,2776
2021-11,Duchesne,45
2021-11,Emery,43
2021-11,Garfield,23
2021-11,Grand,14
2021-11,Iron,432
2021-11,Juab,66
2021-11,Kane,24
2021-11,Millard,51
2021-11,Morgan,67
2021-11,Other,110
2021-11,Salt Lake,9252
2021-11,Sanpete,145
2021-11,Sevier,68
2021-11,Summit,415
2021-11,Tooele,454
2021-11,Uintah,55
2021-11,Utah,4346
2021-11,Wasatch,203
2021-11,Washington,974
2021-11,Weber,2629
2021-12,Beaver,30
2021-12,Box Elder,561
2021-12,Cache,1173
2021-12,Carbon,127
2021-12,Davis,2846
2021-12,Duchesne,43
2021-12,Emery,40
2021-12,Garfield,23
2021-12,Iron,460
2021-12,Juab,78
2021-12,Kane,29
2021-12,Millard,56
2021-12,Morgan,64
2021-12,Other,122
2021-12,Salt Lake,9628
2021-12,Sanpete,145
2021-12,Sevier,61
2021-12,Summit,421
2021-12,Tooele,474
2021-12,Uintah,48
2021-12,Utah,4496
2021-12,Wasatch,226
2021-12,Washington,1042
2021-12,Weber,2718
2022-1,Beaver,32
2022-1,Box Elder,539
2022-1,Cache,1160
2022-1,Carbon,134
2022-1,Davis,2822
2022-1,Duchesne,34
2022-1,Emery,52
2022-1,Garfield,19
2022-1,Grand,14
2022-1,Iron,473
2022-1,Juab,73
2022-1,Kane,23
2022-1,Millard,54
2022-1,Morgan,65
2022-1,Other,143
2022-1,Salt Lake,9633
2022-1,Sanpete,142
2022-1,Sevier,64
2022-1,Summit,467
2022-1,Tooele,469
2022-1,Uintah,43
2022-1,Utah,4530
2022-1,Wasatch,249
2022-1,Washington,980
2022-1,Weber,2684
2022-2,Beaver,32
2022-2,Box Elder,573
2022-2,Cache,1195
2022-2,Carbon,143
2022-2,Davis,2947
2022-2,Duchesne,61
2022-2,Emery,49
2022-2,Garfield,18
2022-2,Grand,17
2022-2,Iron,491
2022-2,Juab,74
2022-2,Kane,21
2022-2,Millard,65
2022-2,Morgan,70
2022-2,Other,161
2022-2,Rich,15
2022-2,Salt Lake,9765
2022-2,Sanpete,155
2022-2,Sevier,65
2022-2,Summit,466
2022-2,Tooele,469
2022-2,Uintah,51
2022-2,Utah,4622
2022-2,Wasatch,247
2022-2,Washington,1042
2022-2,Weber,2780
2022-3,Beaver,39
2022-3,Box Elder,630
2022-3,Cache,1311
2022-3,Carbon,181
2022-3,Davis,3206
2022-3,Duchesne,55
2022-3,Emery,52
2022-3,Garfield,24
2022-3,Grand,17
2022-3,Iron,565
2022-3,Juab,83
2022-3,Kane,30
2022-3,Millard,83
2022-3,Morgan,61
2022-3,Other,169
2022-3,Rich,13
2022-3,Salt Lake,10699
2022-3,Sanpete,163
2022-3,Sevier,74
2022-3,Summit,481
2022-3,Tooele,523
2022-3,Uintah,58
2022-3,Utah,4900
2022-3,Wasatch,267
2022-3,Washington,1147
2022-3,Weber,3100
2022-4,Beaver,46
2022-4,Box Elder,673
2022-4,Cache,1362
2022-4,Carbon,170
2022-4,Davis,3305
2022-4,Duchesne,59
2022-4,Emery,61
2022-4,Garfield,27
2022-4,Grand,16
2022-4,Iron,569
2022-4,Juab,80
2022-4,Kane,27
2022-4,Millard,72
2022-4,Morgan,67
2022-4,Other,139
2022-4,Rich,14
2022-4,Salt Lake,11216
2022-4,Sanpete,168
2022-4,Sevier,86
2022-4,Summit,499
2022-4,Tooele,577
2022-4,Uintah,72
2022-4,Utah,5279
2022-4,Wasatch,274
2022-4,Washington,1211
2022-4,Weber,3174
2022-5,Beaver,40
2022-5,Box Elder,690
2022-5,Cache,1364
2022-5,Carbon,165
2022-5,Davis,3308
2022-5,Duchesne,53
2022-5,Emery,56
2022-5,Garfield,29
2022-5,Grand,17
2022-5,Iron,568
2022-5,Juab,81
2022-5,Kane,31
2022-5,Millard,83
2022-5,Morgan,67
2022-5,Other,126
2022-5,Rich,12
2022-5,Salt Lake,11321
2022-5,Sanpete,161
2022-5,Sevier,87
2022-5,Summit,509
2022-5,Tooele,574
2022-5,Uintah,66
2022-5,Utah,5254
2022-5,Wasatch,273
2022-5,Washington,1255
2022-5,Weber,3175
2022-6,Beaver,39
2022-6,Box Elder,689
2022-6,Cache,1389
2022-6,Carbon,154
2022-6,Davis,3419
2022-6,Duchesne,65
2022-6,Emery,57
2022-6,Garfield,32
2022-6,Grand,23
2022-6,Iron,574
2022-6,Juab,77
2022-6,Kane,29
2022-6,Millard,78
2022-6,Morgan,77
2022-6,Other,154
2022-6,Rich,16
2022-6,Salt Lake,11831
2022-6,Sanpete,165
2022-6,Sevier,86
2022-6,Summit,541
2022-6,Tooele,580
2022-6,Uintah,71
2022-6,Utah,5411
2022-6,Wasatch,290
2022-6,Washington,1295
2022-6,Weber,3229
2022-7,Beaver,50
2022-7,Box Elder,706
2022-7,Cache,1435
2022-7,Carbon,151
2022-7,Davis,3481
2022-7,Duchesne,58
2022-7,Emery,62
2022-7,Garfield,30
2022-7,Grand,14
2022-7,Iron,594
2022-7,Juab,89
2022-7,Kane,26
2022-7,Millard,82
2022-7,Morgan,78
2022-7,Other,164
2022-7,Rich,18
2022-7,Salt Lake,12130
2022-7,Sanpete,176
2022-7,Sevier,96
2022-7,Summit,524
2022-7,Tooele,605
2022-7,Uintah,72
2022-7,Utah,5584
2022-7,Wasatch,305
2022-7,Washington,1345
2022-7,Weber,3292
2022-8,Beaver,45
2022-8,Box Elder,743
2022-8,Cache,1520
2022-8,Carbon,173
2022-8,Davis,3659
2022-8,Duchesne,65
2022-8,Emery,63
2022-8,Garfield,29
2022-8,Grand,23
2022-8,Iron,627
2022-8,Juab,88
2022-8,Kane,27
2022-8,Millard,90
2022-8,Morgan,95
2022-8,Other,173
2022-8,Rich,20
2022-8,Salt Lake,12619
2022-8,Sanpete,175
2022-8,Sevier,90
2022-8,Summit,561
2022-8,Tooele,606
2022-8,Uintah,84
2022-8,Utah,5853
2022-8,Wasatch,311
2022-8,Washington,1350
2022-8,Weber,3396
2022-9,Beaver,49
2022-9,Box Elder,747
2022-9,Cache,1575
2022-9,Carbon,192
2022-9,Davis,3718
2022-9,Duchesne,65
2022-9,Emery,67
2022-9,Garfield,30
2022-9,Grand,19
2022-9,Iron,611
2022-9,Juab,90
2022-9,Kane,31
2022-9,Millard,88
2022-9,Morgan,89
2022-9,Other,198
2022-9,Rich,18
2022-9,Salt Lake,12898
2022-9,Sanpete,183
2022-9,Sevier,93
2022-9,Summit,574
2022-9,Tooele,619
2022-9,Uintah,66
2022-9,Utah,5885
2022-9,Wasatch,324
2022-9,Washington,1333
2022-9,Weber,3510
2022-10,Beaver,59
2022-10,Box Elder,774
2022-10,Cache,1610
2022-10,Carbon,188
2022-10,Davis,3798
2022-10,Duchesne,64
2022-10,Emery,64
2022-10,Garfield,28
2022-10,Grand,22
2022-10,Iron,622
2022-10,Juab,96
2022-10,Kane,30
2022-10,Millard,87
2022-10,Morgan,86
2022-10,Other,184
2022-10,Rich,22
2022-10,Salt Lake,13319
2022-10,Sanpete,189
2022-10,Sevier,91
2022-10,Summit,580
2022-10,Tooele,640
2022-10,Uintah,78
2022-10,Utah,6074
2022-10,Wasatch,330
2022-10,Washington,1410
2022-10,Weber,3593
2022-11,Beaver,47
2022-11,Box Elder,819
2022-11,Cache,1641
2022-11,Carbon,169
2022-11,Davis,3986
2022-11,Duchesne,63
2022-11,Emery,65
2022-11,Garfield,31
2022-11,Grand,21
2022-11,Iron,621
2022-11,Juab,102
2022-11,Kane,31
2022-11,Millard,98
2022-11,Morgan,87
2022-11,Other,156
2022-11,Rich,20
2022-11,Salt Lake,13539
2022-11,Sanpete,195
2022-11,Sevier,96
2022-11,Summit,591
2022-11,Tooele,653
2022-11,Uintah,83
2022-11,Utah,6239
2022-11,Wasatch,342
2022-11,Washington,1440
2022-11,Weber,3634
2022-12,Beaver,61
2022-12,Box Elder,848
2022-12,Cache,1638
2022-12,Carbon,262
2022-12,Davis,4114
2022-12,Duchesne,78
2022-12,Emery,100
2022-12,Garfield,27
2022-12,Grand,26
2022-12,Iron,626
2022-12,Juab,106
2022-12,Kane,39
2022-12,Millard,98
2022-12,Morgan,81
2022-12,Other,196
2022-12,Rich,18
2022-12,Salt Lake,14231
2022-12,Sanpete,204
2022-12,Sevier,95
2022-12,Summit,623
2022-12,Tooele,681
2022-12,Uintah,93
2022-12,Utah,6411
2022-12,Wasatch,355
2022-12,Washington,1483
2022-12,Weber,3828
2023-1,Beaver,59
2023-1,Box Elder,834
2023-1,Cache,1682
2023-1,Carbon,337
2023-1,Davis,4081
2023-1,Duchesne,69
2023-1,Emery,91
2023-1,Garfield,34
2023-1,Grand,19
2023-1,Iron,611
2023-1,Juab,99
2023-1,Kane,30
2023-1,Millard,101
2023-1,Morgan,83
2023-1,Other,205
2023-1,Rich,24
2023-1,Salt Lake,13974
2023-1,Sanpete,212
2023-1,Sevier,88
2023-1,Summit,609
2023-1,Tooele,666
2023-1,Uintah,79
2023-1,Utah,6315
2023-1,Wasatch,368
2023-1,Washington,1478
2023-1,Weber,3787
2023-2,Beaver,51
2023-2,Box Elder,821
2023-2,Cache,1738
2023-2,Carbon,330
2023-2,Davis,4192
2023-2,Duchesne,65
2023-2,Emery,105
2023-2,Garfield,33
2023-2,Grand,20
2023-2,Iron,627
2023-2,Juab,113
2023-2,Kane,31
2023-2,Millard,101
2023-2,Morgan,94
2023-2,Other,208
2023-2,Rich,20
2023-2,Salt Lake,14417
2023-2,Sanpete,206
2023-2,Sevier,98
2023-2,Summit,633
2023-2,Tooele,675
2023-2,Uintah,77
2023-2,Utah,6466
2023-2,Wasatch,360
2023-2,Washington,1525
2023-2,Weber,3874
2023-3,Beaver,53
2023-3,Box Elder,879
2023-3,Cache,1857
2023-3,Carbon,367
2023-3,Davis,4357
2023-3,Duchesne,80
2023-3,Emery,126
2023-3,Garfield,39
2023-3,Grand,23
2023-3,Iron,661
2023-3,Juab,116
2023-3,Kane,36
2023-3,Millard,101
2023-3,Morgan,85
2023-3,Other,192
2023-3,Rich,23
2023-3,Salt Lake,15383
2023-3,Sanpete,244
2023-3,Sevier,91
2023-3,Summit,669
2023-3,Tooele,704
2023-3,Uintah,98
2023-3,Utah,6734
2023-3,Wasatch,391
2023-3,Washington,1613
2023-3,Weber,4082
2023-4,Beaver,55
2023-4,Box Elder,900
2023-4,Cache,1856
2023-4,Carbon,379
2023-4,Davis,4519
2023-4,Duchesne,91
2023-4,Emery,127
2023-4,Garfield,40
2023-4,Grand,28
2023-4,Iron,678
2023-4,Juab,125
2023-4,Kane,38
2023-4,Millard,104
2023-4,Morgan,80
2023-4,Other,171
2023-4,Rich,24
2023-4,Salt Lake,15828
2023-4,Sanpete,255
2023-4,Sevier,110
2023-4,Summit,693
2023-4,Tooele,718
2023-4,Uintah,91
2023-4,Utah,6828
2023-4,Wasatch,402
2023-4,Washington,1607
2023-4,Weber,4169
2023-5,Beaver,65
2023-5,Box Elder,891
2023-5,Cache,1794
2023-5,Carbon,373
2023-5,Davis,4452
2023-5,Duchesne,82
2023-5,Emery,117
2023-5,Garfield,41
2023-5,Grand,27
2023-5,Iron,665
2023-5,Juab,111
2023-5,Kane,43
2023-5,Millard,110
2023-5,Morgan,91
2023-5,Other,150
2023-5,Rich,26
2023-5,Salt Lake,15698
2023-5,Sanpete,251
2023-5,Sevier,99
2023-5,Summit,628
2023-5,Tooele,700
2023-5,Uintah,76
2023-5,Utah,6725
2023-5,Wasatch,394
2023-5,Washington,1676
2023-5,Weber,4008
2023-6,Beaver,59
2023-6,Box Elder,891
2023-6,Cache,1860
2023-6,Carbon,382
2023-6,Davis,4606
2023-6,Duchesne,83
2023-6,Emery,119
2023-6,Garfield,44
2023-6,Grand,20
2023-6,Iron,693
2023-6,Juab,115
2023-6,Kane,33
2023-6,Millard,89
2023-6,Morgan,97
2023-6,Other,171
2023-6,Piute,13
2023-6,Rich,30
2023-6,Salt Lake,16138
2023-6,Sanpete,253
2023-6,Sevier,98
2023-6,Summit,702
2023-6,Tooele,713
2023-6,Uintah,83
2023-6,Utah,6832
2023-6,Wasatch,394
2023-6,Washington,1659
2023-6,Weber,4052
2023-7,Beaver,49
2023-7,Box Elder,924
2023-7,Cache,1805
2023-7,Carbon,373
2023-7,Davis,4599
2023-7,Duchesne,85
2023-7,Emery,110
2023-7,Garfield,43
2023-7,Grand,28
2023-7,Iron,673
2023-7,Juab,113
2023-7,Kane,34
2023-7,Millard,100
2023-7,Morgan,87
2023-7,Other,178
2023-7,Rich,30
2023-7,Salt Lake,16208
2023-7,Sanpete,256
2023-7,Sevier,112
2023-7,Summit,658
2023-7,Tooele,687
2023-7,Uintah,84
2023-7,Utah,6866
2023-7,Wasatch,380
2023-7,Washington,1636
2023-7,Weber,4112
2023-8,Beaver,58
2023-8,Box Elder,965
2023-8,Cache,1862
2023-8,Carbon,419
2023-8,Davis,4813
2023-8,Duchesne,85
2023-8,Emery,128
2023-8,Garfield,43
2023-8,Grand,18
2023-8,Iron,717
2023-8,Juab,120
2023-8,Kane,43
2023-8,Millard,86
2023-8,Morgan,101
2023-8,Other,150
2023-8,Rich,30
2023-8,Salt Lake,16725
2023-8,Sanpete,261
2023-8,Sevier,103
2023-8,Summit,706
2023-8,Tooele,726
2023-8,Uintah,79
2023-8,Utah,6911
2023-8,Wasatch,396
2023-8,Washington,1684
2023-8,Weber,4255
2023-9,Beaver,54
2023-9,Box Elder,942
2023-9,Cache,1828
2023-9,Carbon,425
2023-9,Davis,4774
2023-9,Duchesne,88
2023-9,Emery,128
2023-9,Garfield,40
2023-9,Grand,24
2023-9,Iron,723
2023-9,Juab,119
2023-9,Kane,45
2023-9,Millard,92
2023-9,Morgan,88
2023-9,Other,154
2023-9,Rich,29
2023-9,Salt Lake,16658
2023-9,Sanpete,256
2023-9,Sevier,110
2023-9,Summit,721
2023-9,Tooele,758
2023-9,Uintah,88
2023-9,Utah,7087
2023-9,Wasatch,403
2023-9,Washington,1728
2023-9,Weber,4261
2023-10,Beaver,60
2023-10,Box Elder,971
2023-10,Cache,1870
2023-10,Carbon,402
2023-10,Davis,4853
2023-10,Duchesne,88
2023-10,Emery,116
2023-10,Garfield,55
2023-10,Grand,23
2023-10,Iron,711
2023-10,Juab,120
2023-10,Kane,42
2023-10,Millard,85
2023-10,Morgan,97
2023-10,Other,141
2023-10,Rich,26
2023-10,Salt Lake,16929
2023-10,Sanpete,259
2023-10,Sevier,107
2023-10,Summit,702
2023-10,Tooele,779
2023-10,Uintah,83
2023-10,Utah,7046
2023-10,Wasatch,407
2023-10,Washington,1801
2023-10,Weber,4418
2023-11,Beaver,53
2023-11,Box Elder,1003
2023-11,Cache,1903
2023-11,Carbon,387
2023-11,Davis,4967
2023-11,Duchesne,91
2023-11,Emery,126
2023-11,Garfield,48
2023-11,Grand,23
2023-11,Iron,736
2023-11,Juab,124
2023-11,Kane,45
2023-11,Millard,99
2023-11,Morgan,107
2023-11,Other,122
2023-11,Piute,12
2023-11,Rich,28
2023-11,Salt Lake,17354
2023-11,Sanpete,264
2023-11,Sevier,117
2023-11,Summit,692
2023-11,Tooele,772
2023-11,Uintah,76
2023-11,Utah,7221
2023-11,Wasatch,420
2023-11,Washington,1865
2023-11,Weber,4495
2023-12,Beaver,61
2023-12,Box Elder,1030
2023-12,Cache,1914
2023-12,Carbon,433
2023-12,Davis,5081
2023-12,Duchesne,90
2023-12,Emery,136
2023-12,Garfield,46
2023-12,Grand,18
2023-12,Iron,751
2023-12,Juab,128
2023-12,Kane,52
2023-12,Millard,99
2023-12,Morgan,108
2023-12,Other,174
2023-12,Rich,26
2023-12,Salt Lake,17770
2023-12,Sanpete,263
2023-12,Sevier,106
2023-12,Summit,760
2023-12,Tooele,791
2023-12,Uintah,94
2023-12,Utah,7508
2023-12,Wasatch,437
2023-12,Washington,1901
2023-12,Wayne,12
2023-12,Weber,4469
2024-1,Beaver,68
2024-1,Box Elder,995
2024-1,Cache,1919
2024-1,Carbon,433
2024-1,Davis,5024
2024-1,Duchesne,79
2024-1,Emery,124
2024-1,Garfield,51
2024-1,Grand,23
2024-1,Iron,794
2024-1,Juab,125
2024-1,Kane,46
2024-1,Millard,98
2024-1,Morgan,100
2024-1,Other,162
2024-1,Rich,32
2024-1,Salt Lake,17583
2024-1,Sanpete,249
2024-1,Sevier,109
2024-1,Summit,737
2024-1,Tooele,775
2024-1,Uintah,86
2024-1,Utah,7275
2024-1,Wasatch,418
2024-1,Washington,1921
2024-1,Weber,4461
2024-2,Beaver,63
2024-2,Box Elder,1023
2024-2,Cache,1969
2024-2,Carbon,436
2024-2,Davis,5155
2024-2,Duchesne,74
2024-2,Emery,123
2024-2,Garfield,42
2024-2,Grand,21
2024-2,Iron,799
2024-2,Juab,126
2024-2,Kane,45
2024-2,Millard,93
2024-2,Morgan,101
2024-2,Other,183
2024-2,Piute,12
2024-2,Rich,28
2024-2,Salt Lake,17875
2024-2,Sanpete,271
2024-2,Sevier,121
2024-2,Summit,740
2024-2,Tooele,820
2024-2,Uintah,87
2024-2,Utah,7496
2024-2,Wasatch,430
2024-2,Washington,1937
2024-2,Weber,4535
2024-3,Beaver,73
2024-3,Box Elder,1040
2024-3,Cache,1999
2024-3,Carbon,426
2024-3,Davis,5193
2024-3,Duchesne,86
2024-3,Emery,136
2024-3,Garfield,52
2024-3,Grand,18
2024-3,Iron,865
2024-3,Juab,135
2024-3,Kane,50
2024-3,Millard,97
2024-3,Morgan,114
2024-3,Other,190
2024-3,Rich,28
2024-3,Salt Lake,18385
2024-3,Sanpete,286
2024-3,Sevier,117
2024-3,Summit,746
2024-3,Tooele,866
2024-3,Uintah,99
2024-3,Utah,7600
2024-3,Wasatch,432
2024-3,Washington,2081
2024-3,Weber,4694
2024-4,Beaver,75
2024-4,Box Elder,1060
2024-4,Cache,2067
2024-4,Carbon,452
2024-4,Davis,5490
2024-4,Duchesne,96
2024-4,Emery,128
2024-4,Garfield,49
2024-4,Grand,27
2024-4,Iron,908
2024-4,Juab,142
2024-4,Kane,57
2024-4,Millard,99
2024-4,Morgan,108
2024-4,Other,137
2024-4,Rich,28
2024-4,Salt Lake,19110
2024-4,Sanpete,280
2024-4,Sevier,127
2024-4,Summit,725
2024-4,Tooele,884
2024-4,Uintah,91
2024-4,Utah,7828
2024-4,Wasatch,468
2024-4,Washington,2196
2024-4,Wayne,14
2024-4,Weber,4858
2024-5,Beaver,68
2024-5,Box Elder,1020
2024-5,Cache,2010
2024-5,Carbon,461
2024-5,Davis,5309
2024-5,Duchesne,93
2024-5,Emery,142
2024-5,Garfield,40
2024-5,Grand,20
2024-5,Iron,950
2024-5,Juab,143
2024-5,Kane,48
2024-5,Millard,98
2024-5,Morgan,112
2024-5,Other,162
2024-5,Rich,23
2024-5,Salt Lake,19029
2024-5,Sanpete,275
2024-5,Sevier,121
2024-5,Summit,774
2024-5,Tooele,860
2024-5,Uintah,101
2024-5,Utah,7962
2024-5,Wasatch,475
2024-5,Washington,2253
2024-5,Wayne,17
2024-5,Weber,4827
2024-6,Beaver,73
2024-6,Box Elder,1000
2024-6,Cache,2012
2024-6,Carbon,429
2024-6,Davis,5309
2024-6,Duchesne,96
2024-6,Emery,130
2024-6,Garfield,47
2024-6,Grand,18
2024-6,Iron,961
2024-6,Juab,137
2024-6,Kane,49
2024-6,Millard,106
2024-6,Morgan,111
2024-6,Other,160
2024-6,Rich,20
2024-6,Salt Lake,18858
2024-6,Sanpete,251
2024-6,Sevier,116
2024-6,Summit,738
2024-6,Tooele,845
2024-6,Uintah,104
2024-6,Utah,7738
2024-6,Wasatch,458
2024-6,Washington,2186
2024-6,Wayne,14
2024-6,Weber,4721
2024-7,Beaver,87
2024-7,Box Elder,1048
2024-7,Cache,2091
2024-7,Carbon,435
2024-7,Davis,5450
2024-7,Duchesne,96
2024-7,Emery,135
2024-7,Garfield,58
2024-7,Grand,24
2024-7,Iron,995
2024-7,Juab,136
2024-7,Kane,49
2024-7,Millard,109
2024-7,Morgan,111
2024-7,Other,161
2024-7,Rich,23
2024-7,Salt Lake,19213
2024-7,Sanpete,258
2024-7,Sevier,119
2024-7,Summit,761
2024-7,Tooele,879
2024-7,Uintah,98
2024-7,Utah,7922
2024-7,Wasatch,473
2024-7,Washington,2280
2024-7,Wayne,13
2024-7,Weber,4780
2024-8,Beaver,83
2024-8,Box Elder,1085
2024-8,Cache,2123
2024-8,Carbon,440
2024-8,Davis,5651
2024-8,Duchesne,86
2024-8,Emery,141
2024-8,Garfield,63
2024-8,Grand,19
2024-8,Iron,1056
2024-8,Juab,154
2024-8,Kane,58
2024-8,Millard,102
2024-8,Morgan,106
2024-8,Other,178
2024-8,Rich,20
2024-8,Salt Lake,19996
2024-8,Sanpete,295
2024-8,Sevier,119
2024-8,Summit,760
2024-8,Tooele,920
2024-8,Uintah,101
2024-8,Utah,8140
2024-8,Wasatch,490
2024-8,Washington,2375
2024-8,Wayne,13
2024-8,Weber,4989
2024-9,Beaver,77
2024-9,Box Elder,1060
2024-9,Cache,2047
2024-9,Carbon,417
2024-9,Davis,5426
2024-9,Duchesne,95
2024-9,Emery,136
2024-9,Garfield,54
2024-9,Grand,28
2024-9,Iron,1056
2024-9,Juab,150
2024-9,Kane,51
2024-9,Millard,101
2024-9,Morgan,102
2024-9,Other,181
2024-9,Rich,24
2024-9,Salt Lake,19383
2024-9,Sanpete,266
2024-9,Sevier,135
2024-9,Summit,748
2024-9,Tooele,887
2024-9,Uintah,99
2024-9,Utah,8064
2024-9,Wasatch,479
2024-9,Washington,2297
2024-9,Wayne,14
2024-9,Weber,4840
2024-10,Beaver,84
2024-10,Box Elder,1091
2024-10,Cache,2158
2024-10,Carbon,436
2024-10,Davis,5691
2024-10,Duchesne,109
2024-10,Emery,129
2024-10,Garfield,53
2024-10,Grand,24
2024-10,Iron,1107
2024-10,Juab,150
2024-10,Kane,62
2024-10,Millard,97
2024-10,Morgan,106
2024-10,Other,184
2024-10,Rich,26
2024-10,Salt Lake,20342
2024-10,Sanpete,281
2024-10,Sevier,139
2024-10,Summit,773
2024-10,Tooele,899
2024-10,Uintah,95
2024-10,Utah,8394
2024-10,Wasatch,487
2024-10,Washington,2424
2024-10,Wayne,15
2024-10,Weber,5048
2024-11,Beaver,84
2024-11,Box Elder,1129
2024-11,Cache,2176
2024-11,Carbon,449
2024-11,Davis,5824
2024-11,Duchesne,115
2024-11,Emery,123
2024-11,Garfield,52
2024-11,Grand,23
2024-11,Iron,1115
2024-11,Juab,156
2024-11,Kane,66
2024-11,Millard,118
2024-11,Morgan,112
2024-11,Other,155
2024-11,Rich,27
2024-11,Salt Lake,20940
2024-11,Sanpete,304
2024-11,Sevier,140
2024-11,Summit,811
2024-11,Tooele,950
2024-11,Uintah,102
2024-11,Utah,8618
2024-11,Wasatch,489
2024-11,Washington,2475
2024-11,Wayne,16
2024-11,Weber,5201
2024-12,Beaver,92
2024-12,Box Elder,1124
2024-12,Cache,2173
2024-12,Carbon,452
2024-12,Davis,5910
2024-12,Duchesne,117
2024-12,Emery,129
2024-12,Garfield,60
2024-12,Grand,20
2024-12,Iron,1139
2024-12,Juab,149
2024-12,Kane,70
2024-12,Millard,106
2024-12,Morgan,113
2024-12,Other,173
2024-12,Rich,28
2024-12,Salt Lake,20912
2024-12,Sanpete,297
2024-12,Sevier,130
2024-12,Summit,804
2024-12,Tooele,947
2024-12,Uintah,100
2024-12,Utah,8627
2024-12,Wasatch,490
2024-12,Washington,2558
2024-12,Wayne,14
2024-12,Weber,5154
2025-1,Beaver,93
2025-1,Box Elder,1095
2025-1,Cache,2212
2025-1,Carbon,444
2025-1,Davis,5907
2025-1,Duchesne,110
2025-1,Emery,145
2025-1,Garfield,54
2025-1,Grand,19
2025-1,Iron,1116
2025-1,Juab,161
2025-1,Kane,69
2025-1,Millard,114
2025-1,Morgan,118
2025-1,Other,201
2025-1,Rich,23
2025-1,Salt Lake,21093
2025-1,Sanpete,302
2025-1,Sevier,135
2025-1,Summit,837
2025-1,Tooele,939
2025-1,Uintah,103
2025-1,Utah,8666
2025-1,Wasatch,493
2025-1,Washington,2512
2025-1,Wayne,16
2025-1,Weber,5331
2025-2,Beaver,82
2025-2,Box Elder,1123
2025-2,Cache,2122
2025-2,Carbon,414
2025-2,Davis,5867
2025-2,Duchesne,94
2025-2,Emery,136
2025-2,Garfield,59
2025-2,Grand,24
2025-2,Iron,1135
2025-2,Juab,146
2025-2,Kane,65
2025-2,Millard,116
2025-2,Morgan,116
2025-2,Other,190
2025-2,Rich,26
2025-2,Salt Lake,20923
2025-2,Sanpete,295
2025-2,Sevier,139
2025-2,Summit,800
2025-2,Tooele,975
2025-2,Uintah,91
2025-2,Utah,8584
2025-2,Wasatch,496
2025-2,Washington,2509
2025-2,Wayne,14
2025-2,Weber,5216
2025-3,Beaver,95
2025-3,Box Elder,1184
2025-3,Cache,2150
2025-3,Carbon,441
2025-3,Davis,6176
2025-3,Duchesne,100
2025-3,Emery,139
2025-3,Garfield,67
2025-3,Grand,28
2025-3,Iron,1180
2025-3,Juab,166
2025-3,Kane,83
2025-3,Millard,118
2025-3,Morgan,119
2025-3,Other,219
2025-3,Rich,29
2025-3,Salt Lake,21983
2025-3,Sanpete,303
2025-3,Sevier,143
2025-3,Summit,850
2025-3,Tooele,997
2025-3,Uintah,99
2025-3,Utah,8951
2025-3,Wasatch,521
2025-3,Washington,2650
2025-3,Wayne,13
2025-3,Weber,5480
2025-4,Beaver,94
2025-4,Box Elder,1262
2025-4,Cache,2248
2025-4,Carbon,461
2025-4,Davis,6427
2025-4,Duchesne,118
2025-4,Emery,147
2025-4,Garfield,57
2025-4,Grand,25
2025-4,Iron,1179
2025-4,Juab,170
2025-4,Kane,77
2025-4,Millard,122
2025-4,Morgan,123
2025-4,Other,191
2025-4,Rich,31
2025-4,Salt Lake,22800
2025-4,Sanpete,313
2025-4,Sevier,158
2025-4,Summit,821
2025-4,Tooele,996
2025-4,Uintah,109
2025-4,Utah,9176
2025-4,Wasatch,521
2025-4,Washington,2679
2025-4,Wayne,20
2025-4,Weber,5640
2025-5,Beaver,97
2025-5,Box Elder,1260
2025-5,Cache,2166
2025-5,Carbon,461
2025-5,Davis,6213
2025-5,Duchesne,96
2025-5,Emery,145
2025-5,Garfield,76
2025-5,Grand,27
2025-5,Iron,1165
2025-5,Juab,146
2025-5,Kane,78
2025-5,Millard,113
2025-5,Morgan,113
2025-5,Other,198
2025-5,Rich,25
2025-5,Salt Lake,22322
2025-5,Sanpete,306
2025-5,Sevier,173
2025-5,Summit,797
2025-5,Tooele,989
2025-5,Uintah,99
2025-5,Utah,9102
2025-5,Wasatch,520
2025-5,Washington,2654
2025-5,Weber,5501
2025-6,Beaver,91
2025-6,Box Elder,1254
2025-6,Cache,2113
2025-6,Carbon,431
2025-6,Davis,6189
2025-6,Duchesne,103
2025-6,Emery,144
2025-6,Garfield,70
2025-6,Grand,26
2025-6,Iron,1173
2025-6,Juab,155
2025-6,Kane,71
2025-6,Millard,120
2025-6,Morgan,130
2025-6,Other,197
2025-6,Rich,24
2025-6,Salt Lake,22286
2025-6,Sanpete,305
2025-6,Sevier,156
2025-6,Summit,808
2025-6,Tooele,974
2025-6,Uintah,106
2025-6,Utah,8989
2025-6,Wasatch,510
2025-6,Washington,2601
2025-6,Wayne,18
2025-6,Weber,5501
2025-7,Beaver,103
2025-7,Box Elder,1256
2025-7,Cache,2209
2025-7,Carbon,447
2025-7,Davis,6389
2025-7,Duchesne,118
2025-7,Emery,156
2025-7,Garfield,77
2025-7,Grand,21
2025-7,Iron,1195
2025-7,Juab,155
2025-7,Kane,74
2025-7,Millard,116
2025-7,Morgan,123
2025-7,Other,202
2025-7,Rich,28
2025-7,Salt Lake,23115
2025-7,Sanpete,316
2025-7,Sevier,153
2025-7,Summit,820
2025-7,Tooele,1031
2025-7,Uintah,98
2025-7,Utah,8998
2025-7,Wasatch,526
2025-7,Washington,2749
2025-7,Wayne,12
2025-7,Weber,5709
2025-8,Beaver,120
2025-8,Box Elder,1261
2025-8,Cache,2206
2025-8,Carbon,455
2025-8,Davis,6559
2025-8,Duchesne,120
2025-8,Emery,150
2025-8,Garfield,66
2025-8,Grand,23
2025-8,Iron,1199
2025-8,Juab,167
2025-8,Kane,90
2025-8,Millard,108
2025-8,Morgan,124
2025-8,Other,224
2025-8,Rich,28
2025-8,Salt Lake,23654
2025-8,Sanpete,326
2025-8,Sevier,162
2025-8,Summit,853
2025-8,Tooele,1051
2025-8,Uintah,110
2025-8,Utah,9228
2025-8,Wasatch,540
2025-8,Washington,2784
2025-8,Wayne,17
2025-8,Weber,5822
2025-9,Beaver,106
2025-9,Box Elder,1243
2025-9,Cache,2144
2025-9,Carbon,451
2025-9,Davis,6337
2025-9,Duchesne,101
2025-9,Emery,143
2025-9,Garfield,65
2025-9,Grand,31
2025-9,Iron,1193
2025-9,Juab,151
2025-9,Kane,74
2025-9,Millard,103
2025-9,Morgan,126
2025-9,Other,205
2025-9,Rich,35
2025-9,Salt Lake,23106
2025-9,Sanpete,289
2025-9,Sevier,153
2025-9,Summit,841
2025-9,Tooele,996
2025-9,Uintah,107
2025-9,Utah,9092
2025-9,Wasatch,545
2025-9,Washington,2759
2025-9,Wayne,16
2025-9,Weber,5726
2025-10,Beaver,108
2025-10,Box Elder,1299
2025-10,Cache,2202
2025-10,Carbon,444
2025-10,Davis,6639
2025-10,Duchesne,128
2025-10,Emery,150
2025-10,Garfield,71
2025-10,Grand,32
2025-10,Iron,1230
2025-10,Juab,168
2025-10,Kane,84
2025-10,Millard,107
2025-10,Morgan,126
2025-10,Other,197
2025-10,Rich,32
2025-10,Salt Lake,24124
2025-10,Sanpete,309
2025-10,Sevier,151
2025-10,Summit,850
2025-10,Tooele,1035
2025-10,Uintah,115
2025-10,Utah,9480
2025-10,Wasatch,592
2025-10,Washington,2861
2025-10,Wayne,17
2025-10,Weber,6010
2025-11,Beaver,106
2025-11,Box Elder,1300
2025-11,Cache,2172
2025-11,Carbon,432
2025-11,Davis,6680
2025-11,Duchesne,132
2025-11,Emery,148
2025-11,Garfield,60
2025-11,Grand,31
2025-11,Iron,1228
2025-11,Juab,167
2025-11,Kane,74
2025-11,Millard,114
2025-11,Morgan,128
2025-11,Other,200
2025-11,Piute,13
2025-11,Rich,36
2025-11,Salt Lake,24896
2025-11,Sanpete,312
2025-11,Sevier,166
2025-11,Summit,822
2025-11,Tooele,1029
2025-11,Uintah,127
2025-11,Utah,9667
2025-11,Wasatch,589
2025-11,Washington,2857
2025-11,Weber,6065
2025-12,Beaver,114
2025-12,Box Elder,1322
2025-12,Cache,2252
2025-12,Carbon,484
2025-12,Davis,6757
2025-12,Duchesne,140
2025-12,Emery,147
2025-12,Garfield,71
2025-12,Grand,25
2025-12,Iron,1260
2025-12,Juab,156
2025-12,Kane,73
2025-12,Millard,117
2025-12,Morgan,124
2025-12,Other,228
2025-12,Rich,32
2025-12,Salt Lake,25637
2025-12,Sanpete,321
2025-12,Sevier,163
2025-12,Summit,861
2025-12,Tooele,1049
2025-12,Uintah,123
2025-12,Utah,9760
2025-12,Wasatch,567
2025-12,Washington,2890
2025-12,Wayne,17
2025-12,Weber,6137
2026-1,Beaver,102
2026-1,Box Elder,1321
2026-1,Cache,2254
2026-1,Carbon,470
2026-1,Davis,6783
2026-1,Duchesne,128
2026-1,Emery,149
2026-1,Garfield,74
2026-1,Grand,30
2026-1,Iron,1255
2026-1,Juab,167
2026-1,Kane,68
2026-1,Millard,102
2026-1,Morgan,127
2026-1,Other,245
2026-1,Rich,34
2026-1,Salt Lake,25187
2026-1,Sanpete,323
2026-1,Sevier,165
2026-1,Summit,911
2026-1,Tooele,1068
2026-1,Uintah,114
2026-1,Utah,9780
2026-1,Wasatch,590
2026-1,Washington,2847
2026-1,Wayne,15
2026-1,Weber,6166
2026-2,Beaver,97
2026-2,Box Elder,1325
2026-2,Cache,2230
2026-2,Carbon,489
2026-2,Davis,6726
2026-2,Duchesne,144
2026-2,Emery,144
2026-2,Garfield,66
2026-2,Grand,22
2026-2,Iron,1243
2026-2,Juab,184
2026-2,Kane,84
2026-2,Millard,106
2026-2,Morgan,124
2026-2,Other,274
2026-2,Rich,41
2026-2,Salt Lake,25406
2026-2,Sanpete,303
2026-2,Sevier,163
2026-2,Summit,873
2026-2,Tooele,1058
2026-2,Uintah,116
2026-2,Utah,9715
2026-2,Wasatch,559
2026-2,Washington,2834
2026-2,Wayne,16
2026-2,Weber,6236
2026-3,Beaver,103
2026-3,Box Elder,1359
2026-3,Cache,2307
2026-3,Carbon,501
2026-3,Davis,6875
2026-3,Duchesne,146
2026-3,Emery,158
2026-3,Garfield,69
2026-3,Grand,31
2026-3,Iron,1277
2026-3,Juab,173
2026-3,Kane,81
2026-3,Millard,121
2026-3,Morgan,125
2026-3,Other,271
2026-3,Rich,45
2026-3,Salt Lake,26199
2026-3,Sanpete,308
2026-3,Sevier,167
2026-3,Summit,915
2026-3,Tooele,1106
2026-3,Uintah,124
2026-3,Utah,10034
2026-3,Wasatch,599
2026-3,Washington,2894
2026-3,Wayne,18
2026-3,Weber,6316
